job_id,job_name,project,status,start_time,end_time,duration_sec,date,hour,weekday
,LIQUIDACAO,ELO-PRD,success,2025-09-01 11:04:19,2025-09-01 11:04:33,14.0,2025-09-01,11,0
,LIQUIDACAO,ELO-PRD,success,2025-09-01 15:43:24,2025-09-01 15:43:39,15.0,2025-09-01,15,0
,LIQUIDACAO,ELO-PRD,success,2025-09-02 00:35:18,2025-09-02 00:35:31,13.0,2025-09-02,0,1
,LIQUIDACAO,ELO-PRD,success,2025-09-01 20:31:57,2025-09-01 20:32:15,18.0,2025-09-01,20,0
,LIQUIDACAO,ELO-PRD,success,2025-09-01 11:09:11,2025-09-01 11:09:28,17.0,2025-09-01,11,0
,LIQUIDACAO,ELO-PRD,failed,2025-09-01 17:50:00,2025-09-01 17:54:48,288.0,2025-09-01,17,0
,LIQUIDACAO,ELO-PRD,failed,2025-09-01 19:50:00,2025-09-01 19:54:53,293.0,2025-09-01,19,0
,LIQUIDACAO,ELO-PRD,failed,2025-09-01 21:15:00,2025-09-01 21:18:39,219.0,2025-09-01,21,0
,LIQUIDACAO,ELO-PRD,success,2025-09-01 20:10:00,2025-09-01 20:14:23,263.0,2025-09-01,20,0
,LIQUIDACAO,ELO-PRD,failed,2025-09-01 19:40:00,2025-09-01 19:43:57,237.0,2025-09-01,19,0
,LIQUIDACAO,ELO-PRD,failed,2025-09-01 18:35:00,2025-09-01 18:38:37,217.0,2025-09-01,18,0
,LIQUIDACAO,ELO-PRD,failed,2025-09-01 21:20:00,2025-09-01 21:23:43,223.0,2025-09-01,21,0
,LIQUIDACAO,ELO-PRD,failed,2025-09-01 18:15:00,2025-09-01 18:18:32,212.0,2025-09-01,18,0
,LIQUIDACAO,ELO-PRD,failed,2025-09-01 11:15:00,2025-09-01 11:19:41,281.0,2025-09-01,11,0
,LIQUIDACAO,ELO-PRD,failed,2025-09-01 22:00:00,2025-09-01 22:04:46,286.0,2025-09-01,22,0
,LIQUIDACAO,ELO-PRD,failed,2025-09-01 18:20:00,2025-09-01 18:24:41,281.0,2025-09-01,18,0
,LIQUIDACAO,ELO-PRD,failed,2025-09-01 20:35:00,2025-09-01 20:38:37,217.0,2025-09-01,20,0
,LIQUIDACAO,ELO-PRD,failed,2025-09-01 19:35:00,2025-09-01 19:39:42,282.0,2025-09-01,19,0
,LIQUIDACAO,ELO-PRD,failed,2025-09-01 18:55:00,2025-09-01 18:58:36,216.0,2025-09-01,18,0
,LIQUIDACAO,ELO-PRD,failed,2025-09-01 19:25:00,2025-09-01 19:28:36,216.0,2025-09-01,19,0
,LIQUIDACAO,ELO-PRD,failed,2025-09-01 19:45:00,2025-09-01 19:49:13,253.0,2025-09-01,19,0
,LIQUIDACAO,ELO-PRD,failed,2025-09-01 19:10:00,2025-09-01 19:14:48,288.0,2025-09-01,19,0
,LIQUIDACAO,ELO-PRD,failed,2025-09-01 20:40:00,2025-09-01 20:44:46,286.0,2025-09-01,20,0
,LIQUIDACAO,ELO-PRD,failed,2025-09-01 22:15:00,2025-09-01 22:18:41,221.0,2025-09-01,22,0
,LIQUIDACAO,ELO-PRD,failed,2025-09-01 20:00:00,2025-09-01 20:03:50,230.0,2025-09-01,20,0
,LIQUIDACAO,ELO-PRD,failed,2025-09-01 19:55:00,2025-09-01 19:58:37,217.0,2025-09-01,19,0
,LIQUIDACAO,ELO-PRD,failed,2025-09-01 21:50:00,2025-09-01 21:54:47,287.0,2025-09-01,21,0
,LIQUIDACAO,ELO-PRD,failed,2025-09-01 19:30:00,2025-09-01 19:33:49,229.0,2025-09-01,19,0
,LIQUIDACAO,ELO-PRD,failed,2025-09-01 20:45:00,2025-09-01 20:48:43,223.0,2025-09-01,20,0
,LIQUIDACAO,ELO-PRD,failed,2025-09-01 22:05:00,2025-09-01 22:08:39,219.0,2025-09-01,22,0
,LIQUIDACAO,ELO-PRD,failed,2025-09-01 20:55:00,2025-09-01 20:58:37,217.0,2025-09-01,20,0
,LIQUIDACAO,ELO-PRD,failed,2025-09-01 20:05:00,2025-09-01 20:08:39,219.0,2025-09-01,20,0
,LIQUIDACAO,ELO-PRD,failed,2025-09-01 13:25:00,2025-09-01 13:29:41,281.0,2025-09-01,13,0
,LIQUIDACAO,ELO-PRD,failed,2025-09-01 23:30:00,2025-09-01 23:33:48,228.0,2025-09-01,23,0
,LIQUIDACAO,ELO-PRD,failed,2025-09-01 22:55:00,2025-09-01 22:59:42,282.0,2025-09-01,22,0
,LIQUIDACAO,ELO-PRD,failed,2025-09-01 22:50:00,2025-09-01 22:54:47,287.0,2025-09-01,22,0
,LIQUIDACAO,ELO-PRD,failed,2025-09-01 23:40:00,2025-09-01 23:44:42,282.0,2025-09-01,23,0
,LIQUIDACAO,ELO-PRD,failed,2025-09-01 17:55:02,2025-09-01 17:59:42,280.0,2025-09-01,17,0
,LIQUIDACAO,ELO-PRD,failed,2025-09-01 22:45:00,2025-09-01 22:49:40,280.0,2025-09-01,22,0
,LIQUIDACAO,ELO-PRD,failed,2025-09-01 23:20:00,2025-09-01 23:23:45,225.0,2025-09-01,23,0
,LIQUIDACAO,ELO-PRD,failed,2025-09-01 21:05:00,2025-09-01 21:08:38,218.0,2025-09-01,21,0
,LIQUIDACAO,ELO-PRD,failed,2025-09-01 23:10:00,2025-09-01 23:13:42,222.0,2025-09-01,23,0
,LIQUIDACAO,ELO-PRD,failed,2025-09-01 13:50:00,2025-09-01 13:54:46,286.0,2025-09-01,13,0
,LIQUIDACAO,ELO-PRD,failed,2025-09-01 16:15:00,2025-09-01 16:18:40,220.0,2025-09-01,16,0
,LIQUIDACAO,ELO-PRD,failed,2025-09-01 22:20:00,2025-09-01 22:24:48,288.0,2025-09-01,22,0
,LIQUIDACAO,ELO-PRD,failed,2025-09-01 18:45:00,2025-09-01 18:49:47,287.0,2025-09-01,18,0
,LIQUIDACAO,ELO-PRD,failed,2025-09-01 23:45:00,2025-09-01 23:48:40,220.0,2025-09-01,23,0
,LIQUIDACAO,ELO-PRD,failed,2025-09-01 21:30:00,2025-09-01 21:33:50,230.0,2025-09-01,21,0
,LIQUIDACAO,ELO-PRD,failed,2025-09-01 23:25:00,2025-09-01 23:28:39,219.0,2025-09-01,23,0
,LIQUIDACAO,ELO-PRD,failed,2025-09-01 17:25:00,2025-09-01 17:28:35,215.0,2025-09-01,17,0
,LIQUIDACAO,ELO-PRD,failed,2025-09-01 15:45:00,2025-09-01 15:49:48,288.0,2025-09-01,15,0
,LIQUIDACAO,ELO-PRD,success,2025-09-01 11:05:00,2025-09-01 11:06:22,82.0,2025-09-01,11,0
,LIQUIDACAO,ELO-PRD,failed,2025-09-01 21:00:01,2025-09-01 21:03:40,219.0,2025-09-01,21,0
,LIQUIDACAO,ELO-PRD,failed,2025-09-01 15:10:00,2025-09-01 15:13:46,226.0,2025-09-01,15,0
,LIQUIDACAO,ELO-PRD,failed,2025-09-02 01:20:00,2025-09-02 01:24:33,273.0,2025-09-02,1,1
,LIQUIDACAO,ELO-PRD,failed,2025-09-01 12:20:00,2025-09-01 12:23:46,226.0,2025-09-01,12,0
,LIQUIDACAO,ELO-PRD,failed,2025-09-02 01:50:00,2025-09-02 01:54:32,272.0,2025-09-02,1,1
,LIQUIDACAO,ELO-PRD,failed,2025-09-01 18:50:00,2025-09-01 18:53:55,235.0,2025-09-01,18,0
,LIQUIDACAO,ELO-PRD,failed,2025-09-01 19:05:00,2025-09-01 19:08:41,221.0,2025-09-01,19,0
,LIQUIDACAO,ELO-PRD,failed,2025-09-01 11:45:00,2025-09-01 11:49:43,283.0,2025-09-01,11,0
,LIQUIDACAO,ELO-PRD,failed,2025-09-01 23:05:00,2025-09-01 23:08:40,220.0,2025-09-01,23,0
,LIQUIDACAO,ELO-PRD,failed,2025-09-01 12:15:00,2025-09-01 12:19:43,283.0,2025-09-01,12,0
,LIQUIDACAO,ELO-PRD,failed,2025-09-02 00:40:00,2025-09-02 00:43:32,212.0,2025-09-02,0,1
,LIQUIDACAO,ELO-PRD,failed,2025-09-01 14:15:00,2025-09-01 14:18:42,222.0,2025-09-01,14,0
,LIQUIDACAO,ELO-PRD,failed,2025-09-02 02:20:00,2025-09-02 02:24:30,270.0,2025-09-02,2,1
,LIQUIDACAO,ELO-PRD,failed,2025-09-02 01:15:00,2025-09-02 01:18:32,212.0,2025-09-02,1,1
,LIQUIDACAO,ELO-PRD,failed,2025-09-01 23:55:00,2025-09-01 23:58:39,219.0,2025-09-01,23,0
,LIQUIDACAO,ELO-PRD,failed,2025-09-02 02:50:00,2025-09-02 02:53:35,215.0,2025-09-02,2,1
,LIQUIDACAO,ELO-PRD,failed,2025-09-02 00:10:00,2025-09-02 00:14:31,271.0,2025-09-02,0,1
,LIQUIDACAO,ELO-PRD,failed,2025-09-01 18:40:00,2025-09-01 18:43:49,229.0,2025-09-01,18,0
,LIQUIDACAO,ELO-PRD,failed,2025-09-02 01:45:00,2025-09-02 01:48:28,208.0,2025-09-02,1,1
,LIQUIDACAO,ELO-PRD,failed,2025-09-02 00:50:00,2025-09-02 00:53:30,210.0,2025-09-02,0,1
,LIQUIDACAO,ELO-PRD,failed,2025-09-02 01:30:00,2025-09-02 01:33:36,216.0,2025-09-02,1,1
,LIQUIDACAO,ELO-PRD,failed,2025-09-02 00:20:00,2025-09-02 00:24:31,271.0,2025-09-02,0,1
,LIQUIDACAO,ELO-PRD,failed,2025-09-02 00:25:00,2025-09-02 00:28:26,206.0,2025-09-02,0,1
,LIQUIDACAO,ELO-PRD,failed,2025-09-02 01:55:00,2025-09-02 01:58:24,204.0,2025-09-02,1,1
,LIQUIDACAO,ELO-PRD,failed,2025-09-02 01:35:00,2025-09-02 01:39:27,267.0,2025-09-02,1,1
,LIQUIDACAO,ELO-PRD,failed,2025-09-01 22:30:00,2025-09-01 22:34:50,290.0,2025-09-01,22,0
,LIQUIDACAO,ELO-PRD,failed,2025-09-01 11:30:00,2025-09-01 11:34:57,297.0,2025-09-01,11,0
,LIQUIDACAO,ELO-PRD,failed,2025-09-02 02:05:00,2025-09-02 02:08:25,205.0,2025-09-02,2,1
,LIQUIDACAO,ELO-PRD,failed,2025-09-02 02:30:00,2025-09-02 02:34:37,277.0,2025-09-02,2,1
,LIQUIDACAO,ELO-PRD,failed,2025-09-02 02:10:00,2025-09-02 02:13:15,195.0,2025-09-02,2,1
,LIQUIDACAO,ELO-PRD,failed,2025-09-01 12:30:00,2025-09-01 12:33:53,233.0,2025-09-01,12,0
,LIQUIDACAO,ELO-PRD,failed,2025-09-01 21:40:00,2025-09-01 21:43:44,224.0,2025-09-01,21,0
,LIQUIDACAO,ELO-PRD,failed,2025-09-01 16:05:00,2025-09-01 16:09:44,284.0,2025-09-01,16,0
,LIQUIDACAO,ELO-PRD,failed,2025-09-01 11:20:00,2025-09-01 11:23:45,225.0,2025-09-01,11,0
,LIQUIDACAO,ELO-PRD,failed,2025-09-02 01:05:00,2025-09-02 01:09:14,254.0,2025-09-02,1,1
,LIQUIDACAO,ELO-PRD,failed,2025-09-01 13:20:00,2025-09-01 13:23:54,234.0,2025-09-01,13,0
,LIQUIDACAO,ELO-PRD,failed,2025-09-01 14:10:00,2025-09-01 14:13:49,229.0,2025-09-01,14,0
,LIQUIDACAO,ELO-PRD,failed,2025-09-01 14:05:00,2025-09-01 14:08:37,217.0,2025-09-01,14,0
,LIQUIDACAO,ELO-PRD,failed,2025-09-01 20:50:00,2025-09-01 20:53:44,224.0,2025-09-01,20,0
,LIQUIDACAO,ELO-PRD,failed,2025-09-01 17:20:00,2025-09-01 17:24:53,293.0,2025-09-01,17,0
,LIQUIDACAO,ELO-PRD,failed,2025-09-01 19:00:00,2025-09-01 19:03:18,198.0,2025-09-01,19,0
,LIQUIDACAO,ELO-PRD,failed,2025-09-01 22:10:00,2025-09-01 22:13:42,222.0,2025-09-01,22,0
,LIQUIDACAO,ELO-PRD,failed,2025-09-01 14:25:00,2025-09-01 14:29:39,279.0,2025-09-01,14,0
,LIQUIDACAO,ELO-PRD,failed,2025-09-01 18:25:00,2025-09-01 18:28:35,215.0,2025-09-01,18,0
,LIQUIDACAO,ELO-PRD,failed,2025-09-01 14:55:00,2025-09-01 14:58:40,220.0,2025-09-01,14,0
,LIQUIDACAO,ELO-PRD,failed,2025-09-02 00:05:00,2025-09-02 00:09:29,269.0,2025-09-02,0,1
,LIQUIDACAO,ELO-PRD,failed,2025-09-01 19:15:00,2025-09-01 19:18:35,215.0,2025-09-01,19,0
,LIQUIDACAO,ELO-PRD,failed,2025-09-01 21:45:00,2025-09-01 21:48:38,218.0,2025-09-01,21,0
,LIQUIDACAO,ELO-PRD,failed,2025-09-02 01:00:00,2025-09-02 01:04:31,271.0,2025-09-02,1,1
,LIQUIDACAO,ELO-PRD,failed,2025-09-01 21:25:00,2025-09-01 21:29:40,280.0,2025-09-01,21,0
,LIQUIDACAO,ELO-PRD,failed,2025-09-02 00:15:00,2025-09-02 00:19:29,269.0,2025-09-02,0,1
,LIQUIDACAO,ELO-PRD,failed,2025-09-02 00:55:00,2025-09-02 00:58:25,205.0,2025-09-02,0,1
,LIQUIDACAO,ELO-PRD,failed,2025-09-01 22:40:00,2025-09-01 22:43:43,223.0,2025-09-01,22,0
,LIQUIDACAO,ELO-PRD,failed,2025-09-02 02:55:00,2025-09-02 02:58:37,217.0,2025-09-02,2,1
,LIQUIDACAO,ELO-PRD,failed,2025-09-02 00:00:00,2025-09-02 00:04:33,273.0,2025-09-02,0,1
,LIQUIDACAO,ELO-PRD,failed,2025-09-01 15:00:00,2025-09-01 15:04:48,288.0,2025-09-01,15,0
,LIQUIDACAO,ELO-PRD,failed,2025-09-01 13:10:00,2025-09-01 13:14:48,288.0,2025-09-01,13,0
,LIQUIDACAO,ELO-PRD,failed,2025-09-01 21:55:00,2025-09-01 21:58:41,221.0,2025-09-01,21,0
,LIQUIDACAO,ELO-PRD,failed,2025-09-01 21:10:00,2025-09-01 21:14:46,286.0,2025-09-01,21,0
,LIQUIDACAO,ELO-PRD,failed,2025-09-01 13:05:00,2025-09-01 13:08:37,217.0,2025-09-01,13,0
,LIQUIDACAO,ELO-PRD,failed,2025-09-01 15:50:01,2025-09-01 15:53:57,236.0,2025-09-01,15,0
,LIQUIDACAO,ELO-PRD,failed,2025-09-01 23:00:00,2025-09-01 23:03:43,223.0,2025-09-01,23,0
,LIQUIDACAO,ELO-PRD,failed,2025-09-02 00:45:00,2025-09-02 00:48:29,209.0,2025-09-02,0,1
,LIQUIDACAO,ELO-PRD,failed,2025-09-01 16:00:00,2025-09-01 16:03:42,222.0,2025-09-01,16,0
,LIQUIDACAO,ELO-PRD,failed,2025-09-01 15:05:00,2025-09-01 15:08:41,221.0,2025-09-01,15,0
,LIQUIDACAO,ELO-PRD,failed,2025-09-01 17:35:00,2025-09-01 17:39:41,281.0,2025-09-01,17,0
,LIQUIDACAO,ELO-PRD,failed,2025-09-01 13:55:00,2025-09-01 13:58:13,193.0,2025-09-01,13,0
,LIQUIDACAO,ELO-PRD,failed,2025-09-01 16:55:00,2025-09-01 16:59:42,282.0,2025-09-01,16,0
,LIQUIDACAO,ELO-PRD,success,2025-09-01 20:31:25,2025-09-01 20:31:57,32.0,2025-09-01,20,0
,LIQUIDACAO,ELO-PRD,success,2025-09-01 15:42:49,2025-09-01 15:43:24,35.0,2025-09-01,15,0
,LIQUIDACAO,ELO-PRD,success,2025-09-02 00:34:47,2025-09-02 00:35:18,31.0,2025-09-02,0,1
,LIQUIDACAO,ELO-PRD,success,2025-09-01 11:08:28,2025-09-01 11:09:12,44.0,2025-09-01,11,0
,LIQUIDACAO,ELO-PRD,failed,2025-09-01 23:50:00,2025-09-01 23:53:50,230.0,2025-09-01,23,0
,LIQUIDACAO,ELO-PRD,failed,2025-09-02 02:45:00,2025-09-02 02:48:29,209.0,2025-09-02,2,1
,LIQUIDACAO,ELO-PRD,failed,2025-09-01 22:35:00,2025-09-01 22:39:38,278.0,2025-09-01,22,0
,LIQUIDACAO,ELO-PRD,failed,2025-09-01 14:50:00,2025-09-01 14:54:56,296.0,2025-09-01,14,0
,LIQUIDACAO,ELO-PRD,failed,2025-09-01 12:00:00,2025-09-01 12:04:53,293.0,2025-09-01,12,0
,LIQUIDACAO,ELO-PRD,failed,2025-09-01 12:05:00,2025-09-01 12:08:40,220.0,2025-09-01,12,0
,LIQUIDACAO,ELO-PRD,failed,2025-09-01 14:40:00,2025-09-01 14:44:56,296.0,2025-09-01,14,0
,LIQUIDACAO,ELO-PRD,failed,2025-09-01 13:00:00,2025-09-01 13:03:52,232.0,2025-09-01,13,0
,LIQUIDACAO,ELO-PRD,success,2025-09-01 11:00:00,2025-09-01 11:01:49,109.0,2025-09-01,11,0
,LIQUIDACAO,ELO-PRD,failed,2025-09-01 15:15:00,2025-09-01 15:18:46,226.0,2025-09-01,15,0
,LIQUIDACAO,ELO-PRD,failed,2025-09-01 12:45:00,2025-09-01 12:49:49,289.0,2025-09-01,12,0
,LIQUIDACAO,ELO-PRD,failed,2025-09-01 16:50:00,2025-09-01 16:54:47,287.0,2025-09-01,16,0
,LIQUIDACAO,ELO-PRD,failed,2025-09-01 17:15:00,2025-09-01 17:19:48,288.0,2025-09-01,17,0
,LIQUIDACAO,ELO-PRD,failed,2025-09-01 17:05:00,2025-09-01 17:08:45,225.0,2025-09-01,17,0
,LIQUIDACAO,ELO-PRD,failed,2025-09-01 11:55:00,2025-09-01 11:58:39,219.0,2025-09-01,11,0
,LIQUIDACAO,ELO-PRD,failed,2025-09-01 16:10:00,2025-09-01 16:14:53,293.0,2025-09-01,16,0
,LIQUIDACAO,ELO-PRD,failed,2025-09-01 12:10:00,2025-09-01 12:14:47,287.0,2025-09-01,12,0
,LIQUIDACAO,ELO-PRD,failed,2025-09-01 16:20:00,2025-09-01 16:23:53,233.0,2025-09-01,16,0
,LIQUIDACAO,ELO-PRD,failed,2025-09-01 14:35:00,2025-09-01 14:39:20,260.0,2025-09-01,14,0
,LIQUIDACAO,ELO-PRD,failed,2025-09-01 12:35:00,2025-09-01 12:38:39,219.0,2025-09-01,12,0
,LIQUIDACAO,ELO-PRD,failed,2025-09-01 17:10:00,2025-09-01 17:13:55,235.0,2025-09-01,17,0
,LIQUIDACAO,ELO-PRD,failed,2025-09-01 13:40:00,2025-09-01 13:44:53,293.0,2025-09-01,13,0
,LIQUIDACAO,ELO-PRD,failed,2025-09-01 12:25:00,2025-09-01 12:29:40,280.0,2025-09-01,12,0
,LIQUIDACAO,ELO-PRD,failed,2025-09-01 13:15:00,2025-09-01 13:18:47,227.0,2025-09-01,13,0
,LIQUIDACAO,ELO-PRD,failed,2025-09-01 14:30:00,2025-09-01 14:34:59,299.0,2025-09-01,14,0
,LIQUIDACAO,ELO-PRD,failed,2025-09-01 14:00:00,2025-09-01 14:03:49,229.0,2025-09-01,14,0
,LIQUIDACAO,ELO-PRD,failed,2025-09-01 13:35:00,2025-09-01 13:38:34,214.0,2025-09-01,13,0
,LIQUIDACAO,ELO-PRD,failed,2025-09-01 11:35:00,2025-09-01 11:39:37,277.0,2025-09-01,11,0
,LIQUIDACAO,ELO-PRD,failed,2025-09-01 13:45:00,2025-09-01 13:48:40,220.0,2025-09-01,13,0
,LIQUIDACAO,ELO-PRD,failed,2025-09-01 13:30:00,2025-09-01 13:33:55,235.0,2025-09-01,13,0
,LIQUIDACAO,ELO-PRD,success,2025-09-01 15:20:00,2025-09-01 15:23:39,219.0,2025-09-01,15,0
,LIQUIDACAO,ELO-PRD,failed,2025-09-01 14:20:00,2025-09-01 14:23:42,222.0,2025-09-01,14,0
,LIQUIDACAO,ELO-PRD,failed,2025-09-01 11:25:00,2025-09-01 11:28:38,218.0,2025-09-01,11,0
,LIQUIDACAO,ELO-PRD,failed,2025-09-01 15:55:00,2025-09-01 15:58:37,217.0,2025-09-01,15,0
,LIQUIDACAO,ELO-PRD,failed,2025-09-01 16:30:00,2025-09-01 16:33:57,237.0,2025-09-01,16,0
,LIQUIDACAO,ELO-PRD,failed,2025-09-01 16:25:00,2025-09-01 16:29:42,282.0,2025-09-01,16,0
,LIQUIDACAO,ELO-PRD,failed,2025-09-01 17:40:00,2025-09-01 17:43:49,229.0,2025-09-01,17,0
,LIQUIDACAO,ELO-PRD,failed,2025-09-01 12:50:00,2025-09-01 12:53:46,226.0,2025-09-01,12,0
,LIQUIDACAO,ELO-PRD,failed,2025-09-01 17:30:00,2025-09-01 17:34:27,267.0,2025-09-01,17,0
,LIQUIDACAO,ELO-PRD,failed,2025-09-01 17:45:00,2025-09-01 17:48:52,232.0,2025-09-01,17,0
,LIQUIDACAO,ELO-PRD,failed,2025-09-01 12:55:00,2025-09-01 12:58:41,221.0,2025-09-01,12,0
,LIQUIDACAO,ELO-PRD,success,2025-09-01 20:14:20,2025-09-01 20:14:47,27.0,2025-09-01,20,0
,LIQUIDACAO,ELO-PRD,success,2025-09-01 11:01:46,2025-09-01 11:02:28,42.0,2025-09-01,11,0
,LIQUIDACAO,ELO-PRD,success,2025-09-01 11:06:19,2025-09-01 11:06:50,31.0,2025-09-01,11,0
,LIQUIDACAO,ELO-PRD,success,2025-09-02 00:33:27,2025-09-02 00:33:46,19.0,2025-09-02,0,1
,LIQUIDACAO,ELO-PRD,success,2025-09-01 15:23:37,2025-09-01 15:23:59,22.0,2025-09-01,15,0
,LIQUIDACAO,ELO-PRD,success,2025-09-01 20:14:47,2025-09-01 20:15:26,39.0,2025-09-01,20,0
,LIQUIDACAO,ELO-PRD,success,2025-09-01 11:06:49,2025-09-01 11:07:23,34.0,2025-09-01,11,0
,LIQUIDACAO,ELO-PRD,success,2025-09-01 15:23:58,2025-09-01 15:24:21,23.0,2025-09-01,15,0
,LIQUIDACAO,ELO-PRD,success,2025-09-01 11:02:27,2025-09-01 11:02:54,27.0,2025-09-01,11,0
,LIQUIDACAO,ELO-PRD,success,2025-09-01 20:15:26,2025-09-01 20:17:44,138.0,2025-09-01,20,0
,LIQUIDACAO,ELO-PRD,success,2025-09-01 15:24:20,2025-09-01 15:27:14,174.0,2025-09-01,15,0
,LIQUIDACAO,ELO-PRD,success,2025-09-01 11:02:54,2025-09-01 11:03:23,29.0,2025-09-01,11,0
,LIQUIDACAO,ELO-PRD,success,2025-09-01 11:07:22,2025-09-01 11:08:00,38.0,2025-09-01,11,0
,LIQUIDACAO,ELO-PRD,success,2025-09-01 20:17:43,2025-09-01 20:31:25,822.0,2025-09-01,20,0
,LIQUIDACAO,ELO-PRD,success,2025-09-01 15:27:14,2025-09-01 15:42:49,935.0,2025-09-01,15,0
,LIQUIDACAO,ELO-PRD,success,2025-09-01 11:07:59,2025-09-01 11:08:29,30.0,2025-09-01,11,0
,LIQUIDACAO,ELO-PRD,success,2025-09-01 11:03:22,2025-09-01 11:03:39,17.0,2025-09-01,11,0
,LIQUIDACAO,ELO-PRD,success,2025-09-01 20:17:43,2025-09-01 20:17:56,13.0,2025-09-01,20,0
,LIQUIDACAO,ELO-PRD,success,2025-09-01 15:27:14,2025-09-01 15:27:28,14.0,2025-09-01,15,0
,LIQUIDACAO,ELO-PRD,failed,2025-09-01 23:35:00,2025-09-01 23:38:37,217.0,2025-09-01,23,0
,LIQUIDACAO,ELO-PRD,failed,2025-09-01 11:10:00,2025-09-01 11:13:45,225.0,2025-09-01,11,0
,LIQUIDACAO,ELO-PRD,failed,2025-09-01 16:45:00,2025-09-01 16:49:48,288.0,2025-09-01,16,0
,LIQUIDACAO,ELO-PRD,failed,2025-09-01 22:25:00,2025-09-01 22:28:36,216.0,2025-09-01,22,0
,LIQUIDACAO,ELO-PRD,success,2025-09-01 15:27:14,2025-09-01 15:27:29,15.0,2025-09-01,15,0
,LIQUIDACAO,ELO-PRD,success,2025-09-01 11:08:00,2025-09-01 11:08:29,29.0,2025-09-01,11,0
,LIQUIDACAO,ELO-PRD,success,2025-09-01 20:39:34,2025-09-01 20:40:31,57.0,2025-09-01,20,0
,LIQUIDACAO,ELO-PRD,failed,2025-09-01 13:39:39,2025-09-01 13:39:53,14.0,2025-09-01,13,0
,LIQUIDACAO,ELO-PRD,failed,2025-09-01 18:29:47,2025-09-01 18:30:05,18.0,2025-09-01,18,0
,LIQUIDACAO,ELO-PRD,success,2025-09-01 21:01:30,2025-09-01 21:20:45,1155.0,2025-09-01,21,0
,LIQUIDACAO,ELO-PRD,success,2025-09-01 19:11:27,2025-09-01 19:29:19,1072.0,2025-09-01,19,0
,LIQUIDACAO,ELO-PRD,failed,2025-09-01 14:14:16,2025-09-01 14:14:25,9.0,2025-09-01,14,0
,LIQUIDACAO,ELO-PRD,success,2025-09-01 14:43:36,2025-09-01 15:03:17,1181.0,2025-09-01,14,0
,LIQUIDACAO,ELO-PRD,success,2025-09-02 01:17:28,2025-09-02 01:30:38,790.0,2025-09-02,1,1
,LIQUIDACAO,ELO-PRD,success,2025-09-01 14:23:02,2025-09-01 14:23:43,41.0,2025-09-01,14,0
,LIQUIDACAO,ELO-PRD,failed,2025-09-01 21:55:00,2025-09-01 21:59:14,254.0,2025-09-01,21,0
,LIQUIDACAO,ELO-PRD,failed,2025-09-01 20:25:00,2025-09-01 20:29:14,254.0,2025-09-01,20,0
,LIQUIDACAO,ELO-PRD,failed,2025-09-01 21:50:00,2025-09-01 21:53:20,200.0,2025-09-01,21,0
,LIQUIDACAO,ELO-PRD,failed,2025-09-01 22:10:02,2025-09-01 22:14:43,281.0,2025-09-01,22,0
,LIQUIDACAO,ELO-PRD,failed,2025-09-01 18:45:00,2025-09-01 18:49:46,286.0,2025-09-01,18,0
,LIQUIDACAO,ELO-PRD,failed,2025-09-01 22:35:00,2025-09-01 22:38:37,217.0,2025-09-01,22,0
,LIQUIDACAO,ELO-PRD,failed,2025-09-01 18:15:00,2025-09-01 18:19:34,274.0,2025-09-01,18,0
,LIQUIDACAO,ELO-PRD,success,2025-09-01 18:55:00,2025-09-01 18:59:37,277.0,2025-09-01,18,0
,LIQUIDACAO,ELO-PRD,failed,2025-09-01 17:10:00,2025-09-01 17:13:19,199.0,2025-09-01,17,0
,LIQUIDACAO,ELO-PRD,failed,2025-09-01 18:20:00,2025-09-01 18:24:37,277.0,2025-09-01,18,0
,LIQUIDACAO,ELO-PRD,failed,2025-09-01 20:00:00,2025-09-01 20:03:47,227.0,2025-09-01,20,0
,LIQUIDACAO,ELO-PRD,failed,2025-09-01 22:15:00,2025-09-01 22:18:47,227.0,2025-09-01,22,0
,LIQUIDACAO,ELO-PRD,failed,2025-09-01 22:05:00,2025-09-01 22:09:41,281.0,2025-09-01,22,0
,LIQUIDACAO,ELO-PRD,failed,2025-09-01 19:50:00,2025-09-01 19:53:54,234.0,2025-09-01,19,0
,LIQUIDACAO,ELO-PRD,failed,2025-09-01 19:45:00,2025-09-01 19:49:45,285.0,2025-09-01,19,0
,LIQUIDACAO,ELO-PRD,success,2025-09-01 20:45:00,2025-09-01 20:48:50,230.0,2025-09-01,20,0
,LIQUIDACAO,ELO-PRD,failed,2025-09-01 20:10:00,2025-09-01 20:13:43,223.0,2025-09-01,20,0
,LIQUIDACAO,ELO-PRD,success,2025-09-01 20:35:00,2025-09-01 20:38:23,203.0,2025-09-01,20,0
,LIQUIDACAO,ELO-PRD,failed,2025-09-01 19:40:00,2025-09-01 19:44:56,296.0,2025-09-01,19,0
,LIQUIDACAO,ELO-PRD,failed,2025-09-01 22:20:00,2025-09-01 22:23:49,229.0,2025-09-01,22,0
,LIQUIDACAO,ELO-PRD,failed,2025-09-01 20:05:00,2025-09-01 20:08:38,218.0,2025-09-01,20,0
,LIQUIDACAO,ELO-PRD,failed,2025-09-01 17:00:01,2025-09-01 17:04:56,295.0,2025-09-01,17,0
,LIQUIDACAO,ELO-PRD,failed,2025-09-01 22:30:00,2025-09-01 22:33:49,229.0,2025-09-01,22,0
,LIQUIDACAO,ELO-PRD,failed,2025-09-01 12:55:00,2025-09-01 12:58:41,221.0,2025-09-01,12,0
,LIQUIDACAO,ELO-PRD,failed,2025-09-01 12:50:00,2025-09-01 12:53:52,232.0,2025-09-01,12,0
,LIQUIDACAO,ELO-PRD,failed,2025-09-01 22:40:00,2025-09-01 22:44:42,282.0,2025-09-01,22,0
,LIQUIDACAO,ELO-PRD,failed,2025-09-01 21:30:00,2025-09-01 21:34:50,290.0,2025-09-01,21,0
,LIQUIDACAO,ELO-PRD,failed,2025-09-01 22:45:00,2025-09-01 22:49:40,280.0,2025-09-01,22,0
,LIQUIDACAO,ELO-PRD,failed,2025-09-01 17:20:00,2025-09-01 17:23:46,226.0,2025-09-01,17,0
,LIQUIDACAO,ELO-PRD,failed,2025-09-01 22:50:00,2025-09-01 22:54:49,289.0,2025-09-01,22,0
,LIQUIDACAO,ELO-PRD,failed,2025-09-01 17:40:00,2025-09-01 17:44:44,284.0,2025-09-01,17,0
,LIQUIDACAO,ELO-PRD,failed,2025-09-01 16:10:00,2025-09-01 16:14:57,297.0,2025-09-01,16,0
,LIQUIDACAO,ELO-PRD,failed,2025-09-01 13:15:00,2025-09-01 13:18:47,227.0,2025-09-01,13,0
,LIQUIDACAO,ELO-PRD,failed,2025-09-01 23:00:00,2025-09-01 23:03:42,222.0,2025-09-01,23,0
,LIQUIDACAO,ELO-PRD,failed,2025-09-01 12:20:00,2025-09-01 12:24:18,258.0,2025-09-01,12,0
,LIQUIDACAO,ELO-PRD,failed,2025-09-01 18:50:00,2025-09-01 18:54:56,296.0,2025-09-01,18,0
,LIQUIDACAO,ELO-PRD,failed,2025-09-01 13:25:00,2025-09-01 13:28:41,221.0,2025-09-01,13,0
,LIQUIDACAO,ELO-PRD,failed,2025-09-01 16:20:00,2025-09-01 16:23:48,228.0,2025-09-01,16,0
,LIQUIDACAO,ELO-PRD,success,2025-09-01 23:05:00,2025-09-01 23:08:27,207.0,2025-09-01,23,0
,LIQUIDACAO,ELO-PRD,failed,2025-09-02 00:15:00,2025-09-02 00:18:29,209.0,2025-09-02,0,1
,LIQUIDACAO,ELO-PRD,success,2025-09-02 01:05:00,2025-09-02 01:08:33,213.0,2025-09-02,1,1
,LIQUIDACAO,ELO-PRD,failed,2025-09-01 21:45:00,2025-09-01 21:48:38,218.0,2025-09-01,21,0
,LIQUIDACAO,ELO-PRD,failed,2025-09-02 01:55:00,2025-09-02 01:58:25,205.0,2025-09-02,1,1
,LIQUIDACAO,ELO-PRD,failed,2025-09-01 17:30:00,2025-09-01 17:33:52,232.0,2025-09-01,17,0
,LIQUIDACAO,ELO-PRD,failed,2025-09-01 13:30:00,2025-09-01 13:34:56,296.0,2025-09-01,13,0
,LIQUIDACAO,ELO-PRD,failed,2025-09-01 16:45:00,2025-09-01 16:49:16,256.0,2025-09-01,16,0
,LIQUIDACAO,ELO-PRD,failed,2025-09-01 11:45:00,2025-09-01 11:49:45,285.0,2025-09-01,11,0
,LIQUIDACAO,ELO-PRD,failed,2025-09-01 11:10:00,2025-09-01 11:13:46,226.0,2025-09-01,11,0
,LIQUIDACAO,ELO-PRD,failed,2025-09-01 15:55:00,2025-09-01 15:58:39,219.0,2025-09-01,15,0
,LIQUIDACAO,ELO-PRD,failed,2025-09-01 14:45:00,2025-09-01 14:48:44,224.0,2025-09-01,14,0
,LIQUIDACAO,ELO-PRD,failed,2025-09-01 16:35:00,2025-09-01 16:39:34,274.0,2025-09-01,16,0
,LIQUIDACAO,ELO-PRD,failed,2025-09-01 17:00:00,2025-09-01 17:03:54,234.0,2025-09-01,17,0
,LIQUIDACAO,ELO-PRD,failed,2025-09-01 11:40:00,2025-09-01 11:44:50,290.0,2025-09-01,11,0
,LIQUIDACAO,ELO-PRD,failed,2025-09-01 11:55:00,2025-09-01 11:58:38,218.0,2025-09-01,11,0
,LIQUIDACAO,ELO-PRD,failed,2025-09-02 02:20:00,2025-09-02 02:24:30,270.0,2025-09-02,2,1
,LIQUIDACAO,ELO-PRD,failed,2025-09-01 12:30:00,2025-09-01 12:34:53,293.0,2025-09-01,12,0
,LIQUIDACAO,ELO-PRD,failed,2025-09-02 00:45:00,2025-09-02 00:49:29,269.0,2025-09-02,0,1
,LIQUIDACAO,ELO-PRD,failed,2025-09-01 23:55:00,2025-09-01 23:58:39,219.0,2025-09-01,23,0
,LIQUIDACAO,ELO-PRD,failed,2025-09-01 18:40:00,2025-09-01 18:44:47,287.0,2025-09-01,18,0
,LIQUIDACAO,ELO-PRD,failed,2025-09-02 00:25:00,2025-09-02 00:28:26,206.0,2025-09-02,0,1
,LIQUIDACAO,ELO-PRD,failed,2025-09-01 15:50:00,2025-09-01 15:54:51,291.0,2025-09-01,15,0
,LIQUIDACAO,ELO-PRD,failed,2025-09-02 02:00:00,2025-09-02 02:04:31,271.0,2025-09-02,2,1
,LIQUIDACAO,ELO-PRD,failed,2025-09-02 02:45:00,2025-09-02 02:48:28,208.0,2025-09-02,2,1
,LIQUIDACAO,ELO-PRD,failed,2025-09-02 02:15:00,2025-09-02 02:19:29,269.0,2025-09-02,2,1
,LIQUIDACAO,ELO-PRD,failed,2025-09-01 16:05:00,2025-09-01 16:09:41,281.0,2025-09-01,16,0
,LIQUIDACAO,ELO-PRD,failed,2025-09-02 00:55:00,2025-09-02 00:58:24,204.0,2025-09-02,0,1
,LIQUIDACAO,ELO-PRD,failed,2025-09-02 00:20:00,2025-09-02 00:23:31,211.0,2025-09-02,0,1
,LIQUIDACAO,ELO-PRD,failed,2025-09-02 00:35:00,2025-09-02 00:39:26,266.0,2025-09-02,0,1
,LIQUIDACAO,ELO-PRD,failed,2025-09-02 00:05:00,2025-09-02 00:09:29,269.0,2025-09-02,0,1
,LIQUIDACAO,ELO-PRD,success,2025-09-01 23:15:00,2025-09-01 23:19:41,281.0,2025-09-01,23,0
,LIQUIDACAO,ELO-PRD,failed,2025-09-01 22:55:00,2025-09-01 22:58:38,218.0,2025-09-01,22,0
,LIQUIDACAO,ELO-PRD,failed,2025-09-01 16:15:00,2025-09-01 16:18:47,227.0,2025-09-01,16,0
,LIQUIDACAO,ELO-PRD,failed,2025-09-01 20:20:00,2025-09-01 20:24:50,290.0,2025-09-01,20,0
,LIQUIDACAO,ELO-PRD,success,2025-09-01 18:25:00,2025-09-01 18:28:16,196.0,2025-09-01,18,0
,LIQUIDACAO,ELO-PRD,failed,2025-09-01 21:40:00,2025-09-01 21:43:43,223.0,2025-09-01,21,0
,LIQUIDACAO,ELO-PRD,failed,2025-09-01 21:25:00,2025-09-01 21:28:39,219.0,2025-09-01,21,0
,LIQUIDACAO,ELO-PRD,failed,2025-09-02 01:35:00,2025-09-02 01:38:27,207.0,2025-09-02,1,1
,LIQUIDACAO,ELO-PRD,failed,2025-09-01 21:35:00,2025-09-01 21:38:18,198.0,2025-09-01,21,0
,LIQUIDACAO,ELO-PRD,failed,2025-09-02 02:50:00,2025-09-02 02:53:39,219.0,2025-09-02,2,1
,LIQUIDACAO,ELO-PRD,failed,2025-09-01 22:00:00,2025-09-01 22:03:44,224.0,2025-09-01,22,0
,LIQUIDACAO,ELO-PRD,failed,2025-09-01 17:25:00,2025-09-01 17:28:38,218.0,2025-09-01,17,0
,LIQUIDACAO,ELO-PRD,failed,2025-09-01 16:50:00,2025-09-01 16:54:51,291.0,2025-09-01,16,0
,LIQUIDACAO,ELO-PRD,failed,2025-09-01 11:15:00,2025-09-01 11:19:40,280.0,2025-09-01,11,0
,LIQUIDACAO,ELO-PRD,failed,2025-09-01 15:30:00,2025-09-01 15:33:56,236.0,2025-09-01,15,0
,LIQUIDACAO,ELO-PRD,failed,2025-09-01 11:25:00,2025-09-01 11:28:39,219.0,2025-09-01,11,0
,LIQUIDACAO,ELO-PRD,failed,2025-09-02 01:45:00,2025-09-02 01:48:28,208.0,2025-09-02,1,1
,LIQUIDACAO,ELO-PRD,failed,2025-09-01 20:15:00,2025-09-01 20:19:46,286.0,2025-09-01,20,0
,LIQUIDACAO,ELO-PRD,failed,2025-09-01 16:40:00,2025-09-01 16:43:52,232.0,2025-09-01,16,0
,LIQUIDACAO,ELO-PRD,failed,2025-09-01 15:35:00,2025-09-01 15:39:38,278.0,2025-09-01,15,0
,LIQUIDACAO,ELO-PRD,failed,2025-09-01 12:15:00,2025-09-01 12:19:41,281.0,2025-09-01,12,0
,LIQUIDACAO,ELO-PRD,failed,2025-09-01 15:15:01,2025-09-01 15:19:47,286.0,2025-09-01,15,0
,LIQUIDACAO,ELO-PRD,failed,2025-09-01 17:15:00,2025-09-01 17:19:51,291.0,2025-09-01,17,0
,LIQUIDACAO,ELO-PRD,failed,2025-09-01 12:25:00,2025-09-01 12:29:40,280.0,2025-09-01,12,0
,LIQUIDACAO,ELO-PRD,failed,2025-09-01 16:55:00,2025-09-01 16:59:37,277.0,2025-09-01,16,0
,LIQUIDACAO,ELO-PRD,failed,2025-09-01 11:20:00,2025-09-01 11:24:49,289.0,2025-09-01,11,0
,LIQUIDACAO,ELO-PRD,failed,2025-09-01 13:05:00,2025-09-01 13:09:40,280.0,2025-09-01,13,0
,LIQUIDACAO,ELO-PRD,success,2025-09-01 14:30:00,2025-09-01 14:31:59,119.0,2025-09-01,14,0
,LIQUIDACAO,ELO-PRD,failed,2025-09-01 11:50:00,2025-09-01 11:53:46,226.0,2025-09-01,11,0
,LIQUIDACAO,ELO-PRD,failed,2025-09-01 17:05:00,2025-09-01 17:08:44,224.0,2025-09-01,17,0
,LIQUIDACAO,ELO-PRD,failed,2025-09-01 15:10:00,2025-09-01 15:13:46,226.0,2025-09-01,15,0
,LIQUIDACAO,ELO-PRD,failed,2025-09-01 12:45:00,2025-09-01 12:48:45,225.0,2025-09-01,12,0
,LIQUIDACAO,ELO-PRD,failed,2025-09-01 13:00:00,2025-09-01 13:04:51,291.0,2025-09-01,13,0
,LIQUIDACAO,ELO-PRD,failed,2025-09-01 12:05:00,2025-09-01 12:09:41,281.0,2025-09-01,12,0
,LIQUIDACAO,ELO-PRD,failed,2025-09-01 11:05:00,2025-09-01 11:09:17,257.0,2025-09-01,11,0
,LIQUIDACAO,ELO-PRD,failed,2025-09-01 12:35:00,2025-09-01 12:38:37,217.0,2025-09-01,12,0
,LIQUIDACAO,ELO-PRD,failed,2025-09-01 13:20:00,2025-09-01 13:24:52,292.0,2025-09-01,13,0
,LIQUIDACAO,ELO-PRD,failed,2025-09-01 11:00:00,2025-09-01 11:03:56,236.0,2025-09-01,11,0
,LIQUIDACAO,ELO-PRD,failed,2025-09-01 11:35:00,2025-09-01 11:39:40,280.0,2025-09-01,11,0
,LIQUIDACAO,ELO-PRD,success,2025-09-01 13:35:00,2025-09-01 13:38:20,200.0,2025-09-01,13,0
,LIQUIDACAO,ELO-PRD,failed,2025-09-01 11:30:00,2025-09-01 11:34:55,295.0,2025-09-01,11,0
,LIQUIDACAO,ELO-PRD,failed,2025-09-01 12:10:00,2025-09-01 12:14:49,289.0,2025-09-01,12,0
,LIQUIDACAO,ELO-PRD,failed,2025-09-01 11:40:00,2025-09-01 11:43:49,229.0,2025-09-01,11,0
,LIQUIDACAO,ELO-PRD,failed,2025-09-01 17:35:00,2025-09-01 17:38:35,215.0,2025-09-01,17,0
,LIQUIDACAO,ELO-PRD,success,2025-09-01 11:03:23,2025-09-01 11:03:38,15.0,2025-09-01,11,0
,LIQUIDACAO,ELO-PRD,success,2025-09-01 11:08:00,2025-09-01 11:08:23,23.0,2025-09-01,11,0
,LIQUIDACAO,ELO-PRD,success,2025-09-01 20:17:43,2025-09-01 20:17:58,15.0,2025-09-01,20,0
,LIQUIDACAO,ELO-PRD,success,2025-09-01 11:03:23,2025-09-01 11:03:39,16.0,2025-09-01,11,0
,LIQUIDACAO,ELO-PRD,failed,2025-09-01 12:40:00,2025-09-01 12:43:46,226.0,2025-09-01,12,0
,LIQUIDACAO,ELO-PRD,success,2025-09-01 23:10:22,2025-09-01 23:10:57,35.0,2025-09-01,23,0
,LIQUIDACAO,ELO-PRD,success,2025-09-01 19:29:18,2025-09-01 19:30:46,88.0,2025-09-01,19,0
,LIQUIDACAO,ELO-PRD,success,2025-09-01 20:40:30,2025-09-01 20:40:46,16.0,2025-09-01,20,0
,LIQUIDACAO,ELO-PRD,success,2025-09-01 21:20:45,2025-09-01 21:21:29,44.0,2025-09-01,21,0
,LIQUIDACAO,ELO-PRD,success,2025-09-01 23:51:14,2025-09-01 23:52:18,64.0,2025-09-01,23,0
,LIQUIDACAO,ELO-PRD,success,2025-09-02 01:03:10,2025-09-02 01:03:54,44.0,2025-09-02,1,1
,LIQUIDACAO,ELO-PRD,success,2025-09-02 01:30:38,2025-09-02 01:31:14,36.0,2025-09-02,1,1
,LIQUIDACAO,ELO-PRD,success,2025-09-01 15:03:16,2025-09-01 15:04:20,64.0,2025-09-01,15,0
,LIQUIDACAO,ELO-PRD,success,2025-09-01 14:23:42,2025-09-01 14:24:01,19.0,2025-09-01,14,0
,LIQUIDACAO,ELO-PRD,success,2025-09-01 18:37:27,2025-09-01 18:37:40,13.0,2025-09-01,18,0
,LIQUIDACAO,ELO-PRD,success,2025-09-01 14:24:00,2025-09-01 14:24:24,24.0,2025-09-01,14,0
,LIQUIDACAO,ELO-PRD,success,2025-09-02 01:31:13,2025-09-02 01:31:35,22.0,2025-09-02,1,1
,LIQUIDACAO,ELO-PRD,success,2025-09-01 23:10:57,2025-09-01 23:11:17,20.0,2025-09-01,23,0
,LIQUIDACAO,ELO-PRD,success,2025-09-01 19:30:46,2025-09-01 19:31:24,38.0,2025-09-01,19,0
,LIQUIDACAO,ELO-PRD,success,2025-09-01 15:04:20,2025-09-01 15:04:52,32.0,2025-09-01,15,0
,LIQUIDACAO,ELO-PRD,success,2025-09-01 13:39:39,2025-09-01 13:39:52,13.0,2025-09-01,13,0
,LIQUIDACAO,ELO-PRD,success,2025-09-01 19:11:27,2025-09-01 19:13:56,149.0,2025-09-01,19,0
,LIQUIDACAO,ELO-PRD,success,2025-09-01 18:29:47,2025-09-01 18:30:02,15.0,2025-09-01,18,0
,LIQUIDACAO,ELO-PRD,success,2025-09-01 20:39:34,2025-09-01 20:39:51,17.0,2025-09-01,20,0
,LIQUIDACAO,ELO-PRD,success,2025-09-01 23:09:36,2025-09-01 23:09:49,13.0,2025-09-01,23,0
,LIQUIDACAO,ELO-PRD,success,2025-09-01 23:31:17,2025-09-01 23:32:34,77.0,2025-09-01,23,0
,LIQUIDACAO,ELO-PRD,success,2025-09-01 14:43:37,2025-09-01 14:46:28,171.0,2025-09-01,14,0
,LIQUIDACAO,ELO-PRD,success,2025-09-01 21:01:30,2025-09-01 21:03:17,107.0,2025-09-01,21,0
,LIQUIDACAO,ELO-PRD,success,2025-09-01 20:39:34,2025-09-01 20:39:48,14.0,2025-09-01,20,0
,LIQUIDACAO,ELO-PRD,success,2025-09-01 23:31:17,2025-09-01 23:31:33,16.0,2025-09-01,23,0
,LIQUIDACAO,ELO-PRD,success,2025-09-02 01:17:29,2025-09-02 01:17:46,17.0,2025-09-02,1,1
,LIQUIDACAO,ELO-PRD,success,2025-09-01 23:09:36,2025-09-01 23:09:51,15.0,2025-09-01,23,0
,LIQUIDACAO,ELO-PRD,success,2025-09-01 14:43:37,2025-09-01 14:43:58,21.0,2025-09-01,14,0
,LIQUIDACAO,ELO-PRD,success,2025-09-01 23:08:53,2025-09-01 23:09:17,24.0,2025-09-01,23,0
,LIQUIDACAO,ELO-PRD,success,2025-09-01 21:08:33,2025-09-01 21:24:13,940.0,2025-09-01,21,0
,LIQUIDACAO,ELO-PRD,success,2025-09-02 01:37:51,2025-09-02 01:58:15,1224.0,2025-09-02,1,1
,LIQUIDACAO,ELO-PRD,failed,2025-09-01 13:39:01,2025-09-01 13:39:30,29.0,2025-09-01,13,0
,LIQUIDACAO,ELO-PRD,success,2025-09-02 01:12:34,2025-09-02 01:12:49,15.0,2025-09-02,1,1
,LIQUIDACAO,ELO-PRD,failed,2025-09-01 20:30:00,2025-09-01 20:34:51,291.0,2025-09-01,20,0
,LIQUIDACAO,ELO-PRD,failed,2025-09-01 21:35:00,2025-09-01 21:38:37,217.0,2025-09-01,21,0
,LIQUIDACAO,ELO-PRD,failed,2025-09-01 19:55:00,2025-09-01 19:58:37,217.0,2025-09-01,19,0
,LIQUIDACAO,ELO-PRD,failed,2025-09-01 15:20:00,2025-09-01 15:23:47,227.0,2025-09-01,15,0
,LIQUIDACAO,ELO-PRD,success,2025-09-01 11:03:39,2025-09-01 11:04:19,40.0,2025-09-01,11,0
,LIQUIDACAO,ELO-PRD,failed,2025-09-01 18:30:00,2025-09-01 18:33:49,229.0,2025-09-01,18,0
,LIQUIDACAO,ELO-PRD,failed,2025-09-01 19:20:00,2025-09-01 19:23:48,228.0,2025-09-01,19,0
,LIQUIDACAO,ELO-PRD,failed,2025-09-02 02:40:00,2025-09-02 02:43:32,212.0,2025-09-02,2,1
,LIQUIDACAO,ELO-PRD,failed,2025-09-02 02:25:00,2025-09-02 02:28:26,206.0,2025-09-02,2,1
,LIQUIDACAO,ELO-PRD,failed,2025-09-02 02:25:00,2025-09-02 02:28:26,206.0,2025-09-02,2,1
,LIQUIDACAO,ELO-PRD,failed,2025-09-02 01:40:00,2025-09-02 01:43:31,211.0,2025-09-02,1,1
,LIQUIDACAO,ELO-PRD,success,2025-09-02 00:30:00,2025-09-02 00:33:29,209.0,2025-09-02,0,1
,LIQUIDACAO,ELO-PRD,failed,2025-09-02 00:30:00,2025-09-02 00:33:35,215.0,2025-09-02,0,1
,LIQUIDACAO,ELO-PRD,failed,2025-09-02 02:00:00,2025-09-02 02:04:31,271.0,2025-09-02,2,1
,LIQUIDACAO,ELO-PRD,failed,2025-09-02 01:10:00,2025-09-02 01:13:29,209.0,2025-09-02,1,1
,LIQUIDACAO,ELO-PRD,failed,2025-09-02 02:35:00,2025-09-02 02:39:28,268.0,2025-09-02,2,1
,LIQUIDACAO,ELO-PRD,failed,2025-09-01 23:15:00,2025-09-01 23:18:49,229.0,2025-09-01,23,0
,LIQUIDACAO,ELO-PRD,failed,2025-09-02 02:15:00,2025-09-02 02:18:28,208.0,2025-09-02,2,1
,LIQUIDACAO,ELO-PRD,failed,2025-09-02 01:25:00,2025-09-02 01:28:25,205.0,2025-09-02,1,1
,LIQUIDACAO,ELO-PRD,failed,2025-09-01 16:40:00,2025-09-01 16:43:57,237.0,2025-09-01,16,0
,LIQUIDACAO,ELO-PRD,failed,2025-09-01 11:50:00,2025-09-01 11:53:52,232.0,2025-09-01,11,0
,LIQUIDACAO,ELO-PRD,failed,2025-09-01 12:40:00,2025-09-01 12:43:50,230.0,2025-09-01,12,0
,LIQUIDACAO,ELO-PRD,success,2025-09-02 00:33:46,2025-09-02 00:34:12,26.0,2025-09-02,0,1
,LIQUIDACAO,ELO-PRD,success,2025-09-02 00:34:11,2025-09-02 00:34:32,21.0,2025-09-02,0,1
,LIQUIDACAO,ELO-PRD,success,2025-09-02 00:34:31,2025-09-02 00:34:47,16.0,2025-09-02,0,1
,LIQUIDACAO,ELO-PRD,success,2025-09-02 00:34:32,2025-09-02 00:34:44,12.0,2025-09-02,0,1
,LIQUIDACAO,ELO-PRD,failed,2025-09-01 15:05:00,2025-09-01 15:09:40,280.0,2025-09-01,15,0
,LIQUIDACAO,ELO-PRD,failed,2025-09-01 16:25:00,2025-09-01 16:28:38,218.0,2025-09-01,16,0
,LIQUIDACAO,ELO-PRD,failed,2025-09-02 01:40:00,2025-09-02 01:44:18,258.0,2025-09-02,1,1
,LIQUIDACAO,ELO-PRD,failed,2025-09-02 02:55:00,2025-09-02 02:59:36,276.0,2025-09-02,2,1
,LIQUIDACAO,ELO-PRD,success,2025-09-01 18:36:31,2025-09-01 18:36:49,18.0,2025-09-01,18,0
,LIQUIDACAO,ELO-PRD,success,2025-09-01 23:09:36,2025-09-01 23:10:23,47.0,2025-09-01,23,0
,LIQUIDACAO,ELO-PRD,failed,2025-09-01 19:35:00,2025-09-01 19:39:43,283.0,2025-09-01,19,0
,LIQUIDACAO,ELO-PRD,success,2025-09-01 19:18:34,2025-09-01 19:35:32,1018.0,2025-09-01,19,0
,LIQUIDACAO,ELO-PRD,failed,2025-09-01 17:55:00,2025-09-01 17:59:42,282.0,2025-09-01,17,0
,LIQUIDACAO,ELO-PRD,failed,2025-09-01 12:00:00,2025-09-01 12:04:53,293.0,2025-09-01,12,0
,LIQUIDACAO,ELO-PRD,failed,2025-09-02 00:00:00,2025-09-02 00:04:33,273.0,2025-09-02,0,1
,LIQUIDACAO,ELO-PRD,failed,2025-09-02 02:30:00,2025-09-02 02:34:37,277.0,2025-09-02,2,1
,LIQUIDACAO,ELO-PRD,failed,2025-09-02 02:40:00,2025-09-02 02:44:32,272.0,2025-09-02,2,1
,LIQUIDACAO,ELO-PRD,failed,2025-09-02 02:05:00,2025-09-02 02:08:25,205.0,2025-09-02,2,1
,LIQUIDACAO,ELO-PRD,success,2025-09-02 01:00:00,2025-09-02 01:01:21,81.0,2025-09-02,1,1
,LIQUIDACAO,ELO-PRD,failed,2025-09-02 00:50:00,2025-09-02 00:54:32,272.0,2025-09-02,0,1
,LIQUIDACAO,ELO-PRD,failed,2025-09-02 02:10:00,2025-09-02 02:14:30,270.0,2025-09-02,2,1
,LIQUIDACAO,ELO-PRD,failed,2025-09-02 02:35:00,2025-09-02 02:38:27,207.0,2025-09-02,2,1
,LIQUIDACAO,ELO-PRD,failed,2025-09-01 22:25:00,2025-09-01 22:28:37,217.0,2025-09-01,22,0
,LIQUIDACAO,ELO-PRD,failed,2025-09-02 00:40:00,2025-09-02 00:43:32,212.0,2025-09-02,0,1
,LIQUIDACAO,ELO-PRD,failed,2025-09-01 14:25:00,2025-09-01 14:28:39,219.0,2025-09-01,14,0
,LIQUIDACAO,ELO-PRD,failed,2025-09-01 13:10:00,2025-09-01 13:13:44,224.0,2025-09-01,13,0
,LIQUIDACAO,ELO-PRD,failed,2025-09-01 15:45:00,2025-09-01 15:49:49,289.0,2025-09-01,15,0
,LIQUIDACAO,ELO-PRD,failed,2025-09-02 01:50:00,2025-09-02 01:53:32,212.0,2025-09-02,1,1
,LIQUIDACAO,ELO-PRD,failed,2025-09-02 00:10:00,2025-09-02 00:13:31,211.0,2025-09-02,0,1
,LIQUIDACAO,ELO-PRD,failed,2025-09-01 16:30:00,2025-09-01 16:35:18,318.0,2025-09-01,16,0
,LIQUIDACAO,ELO-PRD,failed,2025-09-01 16:00:00,2025-09-01 16:03:48,228.0,2025-09-01,16,0
,LIQUIDACAO,ELO-PRD,success,2025-09-01 18:36:49,2025-09-01 18:37:28,39.0,2025-09-01,18,0
,LIQUIDACAO,ELO-PRD,success,2025-09-01 20:40:46,2025-09-01 20:41:01,15.0,2025-09-01,20,0
,LIQUIDACAO,ELO-PRD,success,2025-09-01 21:21:28,2025-09-01 21:21:57,29.0,2025-09-01,21,0
,LIQUIDACAO,ELO-PRD,success,2025-09-02 01:03:54,2025-09-02 01:04:16,22.0,2025-09-02,1,1
,LIQUIDACAO,ELO-PRD,success,2025-09-01 23:52:18,2025-09-01 23:52:39,21.0,2025-09-01,23,0
,LIQUIDACAO,ELO-PRD,success,2025-09-02 01:17:28,2025-09-02 01:18:00,32.0,2025-09-02,1,1
,LIQUIDACAO,ELO-PRD,success,2025-09-02 01:02:46,2025-09-02 01:03:00,14.0,2025-09-02,1,1
,LIQUIDACAO,ELO-PRD,success,2025-09-01 19:11:28,2025-09-01 19:11:43,15.0,2025-09-01,19,0
,LIQUIDACAO,ELO-PRD,success,2025-09-01 18:29:47,2025-09-01 18:30:04,17.0,2025-09-01,18,0
,LIQUIDACAO,ELO-PRD,success,2025-09-01 21:01:30,2025-09-01 21:01:45,15.0,2025-09-01,21,0
,LIQUIDACAO,ELO-PRD,success,2025-09-01 13:39:39,2025-09-01 13:39:53,14.0,2025-09-01,13,0
,LIQUIDACAO,ELO-PRD,failed,2025-09-01 18:28:32,2025-09-01 18:28:48,16.0,2025-09-01,18,0
,LIQUIDACAO,ELO-PRD,success,2025-09-01 20:38:41,2025-09-01 20:39:01,20.0,2025-09-01,20,0
,LIQUIDACAO,ELO-PRD,success,2025-09-01 23:28:18,2025-09-01 23:47:20,1142.0,2025-09-01,23,0
,LIQUIDACAO,ELO-PRD,success,2025-09-01 14:31:42,2025-09-01 14:32:07,25.0,2025-09-01,14,0
,LIQUIDACAO,ELO-PRD,failed,2025-09-01 14:25:52,2025-09-01 14:26:01,9.0,2025-09-01,14,0
,LIQUIDACAO,ELO-PRD,success,2025-09-01 15:08:14,2025-09-01 15:24:54,1000.0,2025-09-01,15,0
,LIQUIDACAO,ELO-PRD,success,2025-09-01 21:24:13,2025-09-01 21:24:45,32.0,2025-09-01,21,0
,LIQUIDACAO,ELO-PRD,success,2025-09-01 18:40:58,2025-09-01 18:41:29,31.0,2025-09-01,18,0
,LIQUIDACAO,ELO-PRD,success,2025-09-01 19:35:32,2025-09-01 19:36:16,44.0,2025-09-01,19,0
,LIQUIDACAO,ELO-PRD,success,2025-09-01 20:39:00,2025-09-01 20:39:34,34.0,2025-09-01,20,0
,LIQUIDACAO,ELO-PRD,success,2025-09-01 23:09:16,2025-09-01 23:09:36,20.0,2025-09-01,23,0
,LIQUIDACAO,ELO-PRD,success,2025-09-02 01:58:14,2025-09-02 01:58:55,41.0,2025-09-02,1,1
,LIQUIDACAO,ELO-PRD,success,2025-09-02 01:12:48,2025-09-02 01:13:21,33.0,2025-09-02,1,1
,LIQUIDACAO,ELO-PRD,success,2025-09-01 23:47:19,2025-09-01 23:48:29,70.0,2025-09-01,23,0
,LIQUIDACAO,ELO-PRD,success,2025-09-01 15:24:54,2025-09-01 15:25:33,39.0,2025-09-01,15,0
,LIQUIDACAO,ELO-PRD,success,2025-09-01 14:32:05,2025-09-01 14:32:28,23.0,2025-09-01,14,0
,LIQUIDACAO,ELO-PRD,success,2025-09-01 20:39:34,2025-09-01 20:39:53,19.0,2025-09-01,20,0
,LIQUIDACAO,ELO-PRD,success,2025-09-01 19:36:16,2025-09-01 19:36:41,25.0,2025-09-01,19,0
,LIQUIDACAO,ELO-PRD,success,2025-09-01 21:24:45,2025-09-01 21:25:19,34.0,2025-09-01,21,0
,LIQUIDACAO,ELO-PRD,success,2025-09-01 23:09:35,2025-09-01 23:09:51,16.0,2025-09-01,23,0
,LIQUIDACAO,ELO-PRD,success,2025-09-01 14:32:27,2025-09-01 14:32:41,14.0,2025-09-01,14,0
,LIQUIDACAO,ELO-PRD,success,2025-09-02 01:58:54,2025-09-02 01:59:20,26.0,2025-09-02,1,1
,LIQUIDACAO,ELO-PRD,success,2025-09-01 13:39:01,2025-09-01 13:39:23,22.0,2025-09-01,13,0
,LIQUIDACAO,ELO-PRD,success,2025-09-01 21:08:33,2025-09-01 21:08:40,7.0,2025-09-01,21,0
,LIQUIDACAO,ELO-PRD,success,2025-09-01 20:38:41,2025-09-01 20:38:48,7.0,2025-09-01,20,0
,LIQUIDACAO,ELO-PRD,success,2025-09-01 19:18:34,2025-09-01 19:18:41,7.0,2025-09-01,19,0
,LIQUIDACAO,ELO-PRD,failed,2025-09-01 15:25:00,2025-09-01 15:29:35,275.0,2025-09-01,15,0
,LIQUIDACAO,ELO-PRD,failed,2025-09-01 17:50:00,2025-09-01 17:53:36,216.0,2025-09-01,17,0
,LIQUIDACAO,ELO-PRD,failed,2025-09-01 15:40:00,2025-09-01 15:44:53,293.0,2025-09-01,15,0
,LIQUIDACAO,ELO-PRD,failed,2025-09-01 17:45:00,2025-09-01 17:49:49,289.0,2025-09-01,17,0
,LIQUIDACAO,ELO-PRD,success,2025-09-01 15:08:15,2025-09-01 15:08:22,7.0,2025-09-01,15,0
,LIQUIDACAO,ELO-PRD,success,2025-09-01 23:28:18,2025-09-01 23:28:29,11.0,2025-09-01,23,0
,LIQUIDACAO,ELO-PRD,success,2025-09-01 18:28:33,2025-09-01 18:28:47,14.0,2025-09-01,18,0
,LIQUIDACAO,ELO-PRD,success,2025-09-01 19:18:34,2025-09-01 19:18:49,15.0,2025-09-01,19,0
,LIQUIDACAO,ELO-PRD,success,2025-09-01 20:38:41,2025-09-01 20:39:07,26.0,2025-09-01,20,0
,LIQUIDACAO,ELO-PRD,success,2025-09-01 21:08:33,2025-09-01 21:08:47,14.0,2025-09-01,21,0
,LIQUIDACAO,ELO-PRD,success,2025-09-02 01:37:52,2025-09-02 01:38:14,22.0,2025-09-02,1,1
,LIQUIDACAO,ELO-PRD,success,2025-09-01 23:08:53,2025-09-01 23:09:11,18.0,2025-09-01,23,0
,LIQUIDACAO,ELO-PRD,success,2025-09-02 01:12:34,2025-09-02 01:12:48,14.0,2025-09-02,1,1
,LIQUIDACAO,ELO-PRD,success,2025-09-01 23:28:18,2025-09-01 23:28:32,14.0,2025-09-01,23,0
,LIQUIDACAO,ELO-PRD,success,2025-09-01 13:39:02,2025-09-01 13:39:29,27.0,2025-09-01,13,0
,LIQUIDACAO,ELO-PRD,success,2025-09-01 20:55:00,2025-09-01 20:57:27,147.0,2025-09-01,20,0
,LIQUIDACAO,ELO-PRD,failed,2025-09-01 21:55:00,2025-09-01 21:58:39,219.0,2025-09-01,21,0
,LIQUIDACAO,ELO-PRD,failed,2025-09-01 20:40:00,2025-09-01 20:43:45,225.0,2025-09-01,20,0
,LIQUIDACAO,ELO-PRD,failed,2025-09-01 22:00:00,2025-09-01 22:03:44,224.0,2025-09-01,22,0
,LIQUIDACAO,ELO-PRD,success,2025-09-01 20:35:00,2025-09-01 20:37:28,148.0,2025-09-01,20,0
,LIQUIDACAO,ELO-PRD,failed,2025-09-01 17:55:00,2025-09-01 17:58:43,223.0,2025-09-01,17,0
,LIQUIDACAO,ELO-PRD,failed,2025-09-01 20:00:00,2025-09-01 20:04:47,287.0,2025-09-01,20,0
,LIQUIDACAO,ELO-PRD,failed,2025-09-01 18:55:00,2025-09-01 18:58:41,221.0,2025-09-01,18,0
,LIQUIDACAO,ELO-PRD,failed,2025-09-01 20:20:00,2025-09-01 20:23:50,230.0,2025-09-01,20,0
,LIQUIDACAO,ELO-PRD,failed,2025-09-01 20:05:00,2025-09-01 20:09:17,257.0,2025-09-01,20,0
,LIQUIDACAO,ELO-PRD,failed,2025-09-01 18:45:00,2025-09-01 18:48:44,224.0,2025-09-01,18,0
,LIQUIDACAO,ELO-PRD,failed,2025-09-01 21:50:00,2025-09-01 21:53:47,227.0,2025-09-01,21,0
,LIQUIDACAO,ELO-PRD,failed,2025-09-01 21:45:00,2025-09-01 21:48:39,219.0,2025-09-01,21,0
,LIQUIDACAO,ELO-PRD,failed,2025-09-01 22:15:00,2025-09-01 22:18:41,221.0,2025-09-01,22,0
,LIQUIDACAO,ELO-PRD,failed,2025-09-01 19:45:00,2025-09-01 19:48:47,227.0,2025-09-01,19,0
,LIQUIDACAO,ELO-PRD,failed,2025-09-01 22:30:00,2025-09-01 22:34:51,291.0,2025-09-01,22,0
,LIQUIDACAO,ELO-PRD,failed,2025-09-01 16:45:00,2025-09-01 16:49:46,286.0,2025-09-01,16,0
,LIQUIDACAO,ELO-PRD,failed,2025-09-01 22:55:00,2025-09-01 22:59:42,282.0,2025-09-01,22,0
,LIQUIDACAO,ELO-PRD,success,2025-09-01 23:05:00,2025-09-01 23:07:22,142.0,2025-09-01,23,0
,LIQUIDACAO,ELO-PRD,failed,2025-09-01 23:50:00,2025-09-01 23:54:48,288.0,2025-09-01,23,0
,LIQUIDACAO,ELO-PRD,failed,2025-09-01 22:45:00,2025-09-01 22:49:43,283.0,2025-09-01,22,0
,LIQUIDACAO,ELO-PRD,failed,2025-09-01 16:15:00,2025-09-01 16:18:16,196.0,2025-09-01,16,0
,LIQUIDACAO,ELO-PRD,failed,2025-09-01 20:25:00,2025-09-01 20:28:36,216.0,2025-09-01,20,0
,LIQUIDACAO,ELO-PRD,failed,2025-09-01 23:10:00,2025-09-01 23:14:47,287.0,2025-09-01,23,0
,LIQUIDACAO,ELO-PRD,failed,2025-09-01 22:50:01,2025-09-01 22:53:48,227.0,2025-09-01,22,0
,LIQUIDACAO,ELO-PRD,failed,2025-09-01 16:40:00,2025-09-01 16:43:57,237.0,2025-09-01,16,0
,LIQUIDACAO,ELO-PRD,failed,2025-09-01 11:50:00,2025-09-01 11:53:48,228.0,2025-09-01,11,0
,LIQUIDACAO,ELO-PRD,failed,2025-09-01 12:05:00,2025-09-01 12:08:42,222.0,2025-09-01,12,0
,LIQUIDACAO,ELO-PRD,failed,2025-09-01 14:50:00,2025-09-01 14:53:50,230.0,2025-09-01,14,0
,LIQUIDACAO,ELO-PRD,success,2025-09-01 19:05:00,2025-09-01 19:07:37,157.0,2025-09-01,19,0
,LIQUIDACAO,ELO-PRD,failed,2025-09-01 11:25:00,2025-09-01 11:28:40,220.0,2025-09-01,11,0
,LIQUIDACAO,ELO-PRD,failed,2025-09-02 00:00:00,2025-09-02 00:03:32,212.0,2025-09-02,0,1
,LIQUIDACAO,ELO-PRD,failed,2025-09-01 11:00:00,2025-09-01 11:03:52,232.0,2025-09-01,11,0
,LIQUIDACAO,ELO-PRD,failed,2025-09-01 20:30:00,2025-09-01 20:33:47,227.0,2025-09-01,20,0
,LIQUIDACAO,ELO-PRD,failed,2025-09-01 14:40:00,2025-09-01 14:43:52,232.0,2025-09-01,14,0
,LIQUIDACAO,ELO-PRD,failed,2025-09-01 22:35:00,2025-09-01 22:39:37,277.0,2025-09-01,22,0
,LIQUIDACAO,ELO-PRD,failed,2025-09-01 20:45:00,2025-09-01 20:49:43,283.0,2025-09-01,20,0
,LIQUIDACAO,ELO-PRD,failed,2025-09-01 18:20:00,2025-09-01 18:23:38,218.0,2025-09-01,18,0
,LIQUIDACAO,ELO-PRD,failed,2025-09-01 19:40:00,2025-09-01 19:44:58,298.0,2025-09-01,19,0
,LIQUIDACAO,ELO-PRD,failed,2025-09-02 00:10:00,2025-09-02 00:14:31,271.0,2025-09-02,0,1
,LIQUIDACAO,ELO-PRD,failed,2025-09-01 11:45:00,2025-09-01 11:49:46,286.0,2025-09-01,11,0
,LIQUIDACAO,ELO-PRD,failed,2025-09-01 23:00:00,2025-09-01 23:04:14,254.0,2025-09-01,23,0
,LIQUIDACAO,ELO-PRD,failed,2025-09-01 11:55:00,2025-09-01 11:59:39,279.0,2025-09-01,11,0
,LIQUIDACAO,ELO-PRD,failed,2025-09-01 12:55:00,2025-09-01 12:59:38,278.0,2025-09-01,12,0
,LIQUIDACAO,ELO-PRD,failed,2025-09-01 23:55:00,2025-09-01 23:59:39,279.0,2025-09-01,23,0
,LIQUIDACAO,ELO-PRD,failed,2025-09-02 00:40:00,2025-09-02 00:43:29,209.0,2025-09-02,0,1
,LIQUIDACAO,ELO-PRD,failed,2025-09-02 02:40:00,2025-09-02 02:44:32,272.0,2025-09-02,2,1
,LIQUIDACAO,ELO-PRD,failed,2025-09-01 13:10:00,2025-09-01 13:14:46,286.0,2025-09-01,13,0
,LIQUIDACAO,ELO-PRD,failed,2025-09-02 02:50:00,2025-09-02 02:54:29,269.0,2025-09-02,2,1
,LIQUIDACAO,ELO-PRD,success,2025-09-02 00:34:32,2025-09-02 00:34:46,14.0,2025-09-02,0,1
,LIQUIDACAO,ELO-PRD,success,2025-09-01 23:31:16,2025-09-01 23:51:15,1199.0,2025-09-01,23,0
,LIQUIDACAO,ELO-PRD,success,2025-09-02 01:02:46,2025-09-02 01:03:10,24.0,2025-09-02,1,1
,LIQUIDACAO,ELO-PRD,success,2025-09-02 01:02:46,2025-09-02 01:03:03,17.0,2025-09-02,1,1
,LIQUIDACAO,ELO-PRD,failed,2025-09-02 01:20:00,2025-09-02 01:23:33,213.0,2025-09-02,1,1
,LIQUIDACAO,ELO-PRD,failed,2025-09-02 01:05:00,2025-09-02 01:08:28,208.0,2025-09-02,1,1
,LIQUIDACAO,ELO-PRD,failed,2025-09-01 20:10:00,2025-09-01 20:13:42,222.0,2025-09-01,20,0
,LIQUIDACAO,ELO-PRD,failed,2025-09-02 02:55:00,2025-09-02 02:59:37,277.0,2025-09-02,2,1
,LIQUIDACAO,ELO-PRD,failed,2025-09-01 22:20:00,2025-09-01 22:23:49,229.0,2025-09-01,22,0
,LIQUIDACAO,ELO-PRD,failed,2025-09-02 02:45:00,2025-09-02 02:48:30,210.0,2025-09-02,2,1
,LIQUIDACAO,ELO-PRD,failed,2025-09-02 01:00:00,2025-09-02 01:04:31,271.0,2025-09-02,1,1
,LIQUIDACAO,ELO-PRD,failed,2025-09-02 00:50:00,2025-09-02 00:54:32,272.0,2025-09-02,0,1
,LIQUIDACAO,ELO-PRD,failed,2025-09-02 02:15:00,2025-09-02 02:18:28,208.0,2025-09-02,2,1
,LIQUIDACAO,ELO-PRD,success,2025-09-02 01:25:00,2025-09-02 01:27:20,140.0,2025-09-02,1,1
,LIQUIDACAO,ELO-PRD,failed,2025-09-01 12:30:00,2025-09-01 12:33:53,233.0,2025-09-01,12,0
,LIQUIDACAO,ELO-PRD,failed,2025-09-01 12:20:00,2025-09-01 12:23:47,227.0,2025-09-01,12,0
,LIQUIDACAO,ELO-PRD,failed,2025-09-01 11:15:00,2025-09-01 11:18:40,220.0,2025-09-01,11,0
,LIQUIDACAO,ELO-PRD,failed,2025-09-01 17:40:00,2025-09-01 17:44:48,288.0,2025-09-01,17,0
,LIQUIDACAO,ELO-PRD,failed,2025-09-02 00:05:00,2025-09-02 00:09:29,269.0,2025-09-02,0,1
,LIQUIDACAO,ELO-PRD,failed,2025-09-01 20:15:00,2025-09-01 20:18:42,222.0,2025-09-01,20,0
,LIQUIDACAO,ELO-PRD,success,2025-09-01 23:15:00,2025-09-01 23:17:30,150.0,2025-09-01,23,0
,LIQUIDACAO,ELO-PRD,success,2025-09-01 13:35:00,2025-09-01 13:37:17,137.0,2025-09-01,13,0
,LIQUIDACAO,ELO-PRD,failed,2025-09-01 11:10:00,2025-09-01 11:14:46,286.0,2025-09-01,11,0
,LIQUIDACAO,ELO-PRD,failed,2025-09-01 16:35:00,2025-09-01 16:38:34,214.0,2025-09-01,16,0
,LIQUIDACAO,ELO-PRD,failed,2025-09-01 19:00:00,2025-09-01 19:03:46,226.0,2025-09-01,19,0
,LIQUIDACAO,ELO-PRD,failed,2025-09-01 16:55:00,2025-09-01 16:59:38,278.0,2025-09-01,16,0
,LIQUIDACAO,ELO-PRD,failed,2025-09-01 20:50:00,2025-09-01 20:53:45,225.0,2025-09-01,20,0
,LIQUIDACAO,ELO-PRD,failed,2025-09-01 12:50:00,2025-09-01 12:53:26,206.0,2025-09-01,12,0
,LIQUIDACAO,ELO-PRD,failed,2025-09-02 00:20:00,2025-09-02 00:23:21,201.0,2025-09-02,0,1
,LIQUIDACAO,ELO-PRD,failed,2025-09-01 21:40:00,2025-09-01 21:43:44,224.0,2025-09-01,21,0
,LIQUIDACAO,ELO-PRD,failed,2025-09-02 02:00:00,2025-09-02 02:04:31,271.0,2025-09-02,2,1
,LIQUIDACAO,ELO-PRD,failed,2025-09-01 22:10:00,2025-09-01 22:13:43,223.0,2025-09-01,22,0
,LIQUIDACAO,ELO-PRD,failed,2025-09-02 02:35:00,2025-09-02 02:38:27,207.0,2025-09-02,2,1
,LIQUIDACAO,ELO-PRD,failed,2025-09-01 12:45:00,2025-09-01 12:48:46,226.0,2025-09-01,12,0
,LIQUIDACAO,ELO-PRD,failed,2025-09-01 12:35:00,2025-09-01 12:39:40,280.0,2025-09-01,12,0
,LIQUIDACAO,ELO-PRD,failed,2025-09-01 21:30:00,2025-09-01 21:33:50,230.0,2025-09-01,21,0
,LIQUIDACAO,ELO-PRD,failed,2025-09-02 00:35:00,2025-09-02 00:38:25,205.0,2025-09-02,0,1
,LIQUIDACAO,ELO-PRD,failed,2025-09-01 12:15:00,2025-09-01 12:18:42,222.0,2025-09-01,12,0
,LIQUIDACAO,ELO-PRD,failed,2025-09-01 11:05:00,2025-09-01 11:08:40,220.0,2025-09-01,11,0
,LIQUIDACAO,ELO-PRD,failed,2025-09-01 17:25:00,2025-09-01 17:28:39,219.0,2025-09-01,17,0
,LIQUIDACAO,ELO-PRD,failed,2025-09-01 17:30:00,2025-09-01 17:33:55,235.0,2025-09-01,17,0
,LIQUIDACAO,ELO-PRD,failed,2025-09-01 15:30:00,2025-09-01 15:33:52,232.0,2025-09-01,15,0
,LIQUIDACAO,ELO-PRD,failed,2025-09-01 12:00:00,2025-09-01 12:03:49,229.0,2025-09-01,12,0
,LIQUIDACAO,ELO-PRD,failed,2025-09-01 16:50:00,2025-09-01 16:53:52,232.0,2025-09-01,16,0
,LIQUIDACAO,ELO-PRD,failed,2025-09-01 11:20:00,2025-09-01 11:23:45,225.0,2025-09-01,11,0
,LIQUIDACAO,ELO-PRD,failed,2025-09-01 17:05:00,2025-09-01 17:08:44,224.0,2025-09-01,17,0
,LIQUIDACAO,ELO-PRD,failed,2025-09-01 13:30:00,2025-09-01 13:33:57,237.0,2025-09-01,13,0
,LIQUIDACAO,ELO-PRD,failed,2025-09-01 16:20:00,2025-09-01 16:23:57,237.0,2025-09-01,16,0
,LIQUIDACAO,ELO-PRD,failed,2025-09-01 11:30:00,2025-09-01 11:34:57,297.0,2025-09-01,11,0
,LIQUIDACAO,ELO-PRD,failed,2025-09-01 13:05:00,2025-09-01 13:09:38,278.0,2025-09-01,13,0
,LIQUIDACAO,ELO-PRD,failed,2025-09-01 12:40:00,2025-09-01 12:44:50,290.0,2025-09-01,12,0
,LIQUIDACAO,ELO-PRD,failed,2025-09-01 17:00:00,2025-09-01 17:03:47,227.0,2025-09-01,17,0
,LIQUIDACAO,ELO-PRD,failed,2025-09-01 15:40:00,2025-09-01 15:43:48,228.0,2025-09-01,15,0
,LIQUIDACAO,ELO-PRD,failed,2025-09-01 12:10:00,2025-09-01 12:14:50,290.0,2025-09-01,12,0
,LIQUIDACAO,ELO-PRD,failed,2025-09-01 17:20:00,2025-09-01 17:24:17,257.0,2025-09-01,17,0
,LIQUIDACAO,ELO-PRD,failed,2025-09-01 12:25:00,2025-09-01 12:29:40,280.0,2025-09-01,12,0
,LIQUIDACAO,ELO-PRD,failed,2025-09-01 16:05:00,2025-09-01 16:09:44,284.0,2025-09-01,16,0
,LIQUIDACAO,ELO-PRD,failed,2025-09-01 16:10:00,2025-09-01 16:14:54,294.0,2025-09-01,16,0
,LIQUIDACAO,ELO-PRD,failed,2025-09-01 15:35:00,2025-09-01 15:38:37,217.0,2025-09-01,15,0
,LIQUIDACAO,ELO-PRD,failed,2025-09-01 14:35:00,2025-09-01 14:39:36,276.0,2025-09-01,14,0
,LIQUIDACAO,ELO-PRD,failed,2025-09-01 11:40:00,2025-09-01 11:43:50,230.0,2025-09-01,11,0
,LIQUIDACAO,ELO-PRD,failed,2025-09-01 16:30:00,2025-09-01 16:34:13,253.0,2025-09-01,16,0
,LIQUIDACAO,ELO-PRD,failed,2025-09-01 13:25:00,2025-09-01 13:28:40,220.0,2025-09-01,13,0
,LIQUIDACAO,ELO-PRD,failed,2025-09-01 15:50:00,2025-09-01 15:54:51,291.0,2025-09-01,15,0
,LIQUIDACAO,ELO-PRD,success,2025-09-02 01:12:34,2025-09-02 01:12:41,7.0,2025-09-02,1,1
,LIQUIDACAO,ELO-PRD,success,2025-09-02 01:37:51,2025-09-02 01:37:59,8.0,2025-09-02,1,1
,LIQUIDACAO,ELO-PRD,success,2025-09-01 23:08:53,2025-09-01 23:09:00,7.0,2025-09-01,23,0
,LIQUIDACAO,ELO-PRD,success,2025-09-01 18:28:32,2025-09-01 18:28:40,8.0,2025-09-01,18,0
,LIQUIDACAO,ELO-PRD,failed,2025-09-01 15:45:00,2025-09-01 15:48:49,229.0,2025-09-01,15,0
,LIQUIDACAO,ELO-PRD,failed,2025-09-01 13:00:00,2025-09-01 13:04:52,292.0,2025-09-01,13,0
,LIQUIDACAO,ELO-PRD,failed,2025-09-01 17:45:00,2025-09-01 17:48:49,229.0,2025-09-01,17,0
,LIQUIDACAO,ELO-PRD,failed,2025-09-01 11:35:00,2025-09-01 11:39:37,277.0,2025-09-01,11,0
,LIQUIDACAO,ELO-PRD,failed,2025-09-01 13:20:00,2025-09-01 13:23:53,233.0,2025-09-01,13,0
,LIQUIDACAO,ELO-PRD,success,2025-09-01 18:59:35,2025-09-01 19:00:05,30.0,2025-09-01,18,0
,LIQUIDACAO,ELO-PRD,success,2025-09-01 20:38:21,2025-09-01 20:38:41,20.0,2025-09-01,20,0
,LIQUIDACAO,ELO-PRD,success,2025-09-01 23:08:25,2025-09-01 23:08:53,28.0,2025-09-01,23,0
,LIQUIDACAO,ELO-PRD,success,2025-09-01 20:48:48,2025-09-01 20:49:22,34.0,2025-09-01,20,0
,LIQUIDACAO,ELO-PRD,success,2025-09-01 13:38:18,2025-09-01 13:38:37,19.0,2025-09-01,13,0
,LIQUIDACAO,ELO-PRD,success,2025-09-01 23:19:38,2025-09-01 23:20:19,41.0,2025-09-01,23,0
,LIQUIDACAO,ELO-PRD,success,2025-09-02 01:01:18,2025-09-02 01:01:46,28.0,2025-09-02,1,1
,LIQUIDACAO,ELO-PRD,success,2025-09-01 18:28:14,2025-09-01 18:28:33,19.0,2025-09-01,18,0
,LIQUIDACAO,ELO-PRD,success,2025-09-01 13:38:36,2025-09-01 13:39:02,26.0,2025-09-01,13,0
,LIQUIDACAO,ELO-PRD,success,2025-09-01 20:38:41,2025-09-01 20:39:13,32.0,2025-09-01,20,0
,LIQUIDACAO,ELO-PRD,success,2025-09-01 20:49:21,2025-09-01 20:50:26,65.0,2025-09-01,20,0
,LIQUIDACAO,ELO-PRD,success,2025-09-01 23:08:53,2025-09-01 23:09:17,24.0,2025-09-01,23,0
,LIQUIDACAO,ELO-PRD,success,2025-09-01 19:00:03,2025-09-01 19:01:02,59.0,2025-09-01,19,0
,LIQUIDACAO,ELO-PRD,success,2025-09-01 23:20:13,2025-09-01 23:21:02,49.0,2025-09-01,23,0
,LIQUIDACAO,ELO-PRD,success,2025-09-01 14:32:25,2025-09-01 14:33:23,58.0,2025-09-01,14,0
,LIQUIDACAO,ELO-PRD,success,2025-09-01 18:28:32,2025-09-01 18:29:24,52.0,2025-09-01,18,0
,LIQUIDACAO,ELO-PRD,success,2025-09-02 01:08:47,2025-09-02 01:09:46,59.0,2025-09-02,1,1
,LIQUIDACAO,ELO-PRD,success,2025-09-01 20:39:13,2025-09-01 20:39:34,21.0,2025-09-01,20,0
,LIQUIDACAO,ELO-PRD,success,2025-09-01 20:50:26,2025-09-01 21:01:31,665.0,2025-09-01,20,0
,LIQUIDACAO,ELO-PRD,success,2025-09-01 23:09:16,2025-09-01 23:09:36,20.0,2025-09-01,23,0
,LIQUIDACAO,ELO-PRD,success,2025-09-01 23:21:01,2025-09-01 23:31:17,616.0,2025-09-01,23,0
,LIQUIDACAO,ELO-PRD,success,2025-09-02 01:09:45,2025-09-02 01:17:29,464.0,2025-09-02,1,1
,LIQUIDACAO,ELO-PRD,success,2025-09-02 01:02:12,2025-09-02 01:02:47,35.0,2025-09-02,1,1
,LIQUIDACAO,ELO-PRD,success,2025-09-01 13:39:00,2025-09-01 13:39:40,40.0,2025-09-01,13,0
,LIQUIDACAO,ELO-PRD,success,2025-09-01 19:01:01,2025-09-01 19:11:28,627.0,2025-09-01,19,0
,LIQUIDACAO,ELO-PRD,success,2025-09-01 14:33:22,2025-09-01 14:43:37,615.0,2025-09-01,14,0
,LIQUIDACAO,ELO-PRD,success,2025-09-01 23:17:27,2025-09-01 23:17:50,23.0,2025-09-01,23,0
,LIQUIDACAO,ELO-PRD,success,2025-09-01 23:07:20,2025-09-01 23:07:48,28.0,2025-09-01,23,0
,LIQUIDACAO,ELO-PRD,success,2025-09-02 01:11:17,2025-09-02 01:11:37,20.0,2025-09-02,1,1
,LIQUIDACAO,ELO-PRD,success,2025-09-02 01:27:18,2025-09-02 01:27:46,28.0,2025-09-02,1,1
,LIQUIDACAO,ELO-PRD,success,2025-09-01 13:37:15,2025-09-01 13:37:54,39.0,2025-09-01,13,0
,LIQUIDACAO,ELO-PRD,success,2025-09-01 19:07:35,2025-09-01 19:08:15,40.0,2025-09-01,19,0
,LIQUIDACAO,ELO-PRD,success,2025-09-01 20:37:26,2025-09-01 20:37:51,25.0,2025-09-01,20,0
,LIQUIDACAO,ELO-PRD,success,2025-09-01 14:57:23,2025-09-01 14:57:51,28.0,2025-09-01,14,0
,LIQUIDACAO,ELO-PRD,success,2025-09-01 20:37:51,2025-09-01 20:38:21,30.0,2025-09-01,20,0
,LIQUIDACAO,ELO-PRD,success,2025-09-01 19:08:14,2025-09-01 19:08:41,27.0,2025-09-01,19,0
,LIQUIDACAO,ELO-PRD,success,2025-09-01 18:27:56,2025-09-01 18:28:15,19.0,2025-09-01,18,0
,LIQUIDACAO,ELO-PRD,success,2025-09-02 01:11:37,2025-09-02 01:12:13,36.0,2025-09-02,1,1
,LIQUIDACAO,ELO-PRD,success,2025-09-01 23:17:50,2025-09-01 23:18:15,25.0,2025-09-01,23,0
,LIQUIDACAO,ELO-PRD,success,2025-09-01 20:57:47,2025-09-01 20:58:29,42.0,2025-09-01,20,0
,LIQUIDACAO,ELO-PRD,success,2025-09-01 14:57:50,2025-09-01 14:58:29,39.0,2025-09-01,14,0
,LIQUIDACAO,ELO-PRD,success,2025-09-01 13:37:54,2025-09-01 13:38:37,43.0,2025-09-01,13,0
,LIQUIDACAO,ELO-PRD,success,2025-09-01 20:58:28,2025-09-01 21:08:33,605.0,2025-09-01,20,0
,LIQUIDACAO,ELO-PRD,success,2025-09-01 20:38:21,2025-09-01 20:38:41,20.0,2025-09-01,20,0
,LIQUIDACAO,ELO-PRD,success,2025-09-01 23:08:25,2025-09-01 23:08:53,28.0,2025-09-01,23,0
,LIQUIDACAO,ELO-PRD,success,2025-09-02 01:12:12,2025-09-02 01:12:34,22.0,2025-09-02,1,1
,LIQUIDACAO,ELO-PRD,success,2025-09-02 01:28:21,2025-09-02 01:37:52,571.0,2025-09-02,1,1
,LIQUIDACAO,ELO-PRD,success,2025-09-01 18:28:14,2025-09-01 18:28:33,19.0,2025-09-01,18,0
,LIQUIDACAO,ELO-PRD,success,2025-09-01 23:18:14,2025-09-01 23:28:19,605.0,2025-09-01,23,0
,LIQUIDACAO,ELO-PRD,success,2025-09-01 14:58:28,2025-09-01 15:08:15,587.0,2025-09-01,14,0
,LIQUIDACAO,ELO-PRD,success,2025-09-01 20:14:18,2025-09-01 20:14:36,18.0,2025-09-01,20,0
,LIQUIDACAO,ELO-PRD,success,2025-09-01 15:18:02,2025-09-01 15:18:28,26.0,2025-09-01,15,0
,LIQUIDACAO,ELO-PRD,success,2025-09-01 11:03:31,2025-09-01 11:04:04,33.0,2025-09-01,11,0
,LIQUIDACAO,ELO-PRD,success,2025-09-01 20:14:18,2025-09-01 20:14:47,29.0,2025-09-01,20,0
,LIQUIDACAO,ELO-PRD,success,2025-09-02 00:24:36,2025-09-02 00:24:54,18.0,2025-09-02,0,1
,LIQUIDACAO,ELO-PRD,failed,2025-09-01 18:15:00,2025-09-01 18:18:31,211.0,2025-09-01,18,0
,LIQUIDACAO,ELO-PRD,failed,2025-09-01 18:50:00,2025-09-01 18:53:55,235.0,2025-09-01,18,0
,LIQUIDACAO,ELO-PRD,failed,2025-09-02 00:45:00,2025-09-02 00:48:29,209.0,2025-09-02,0,1
,LIQUIDACAO,ELO-PRD,failed,2025-09-02 02:05:00,2025-09-02 02:08:25,205.0,2025-09-02,2,1
,LIQUIDACAO,ELO-PRD,success,2025-09-01 11:04:14,2025-09-01 11:04:37,23.0,2025-09-01,11,0
,LIQUIDACAO,ELO-PRD,success,2025-09-01 20:13:14,2025-09-01 20:13:45,31.0,2025-09-01,20,0
,LIQUIDACAO,ELO-PRD,success,2025-09-01 11:06:49,2025-09-01 11:07:23,34.0,2025-09-01,11,0
,LIQUIDACAO,ELO-PRD,success,2025-09-02 00:23:41,2025-09-02 00:23:59,18.0,2025-09-02,0,1
,LIQUIDACAO,ELO-PRD,success,2025-09-01 15:13:50,2025-09-01 15:15:48,118.0,2025-09-01,15,0
,LIQUIDACAO,ELO-PRD,success,2025-09-01 20:12:47,2025-09-01 20:13:14,27.0,2025-09-01,20,0
,LIQUIDACAO,ELO-PRD,success,2025-09-02 00:23:25,2025-09-02 00:23:41,16.0,2025-09-02,0,1
,LIQUIDACAO,ELO-PRD,success,2025-09-01 11:04:37,2025-09-01 11:04:50,13.0,2025-09-01,11,0
,LIQUIDACAO,ELO-PRD,success,2025-09-01 15:33:18,2025-09-01 15:33:31,13.0,2025-09-01,15,0
,LIQUIDACAO,ELO-PRD,success,2025-09-01 11:27:47,2025-09-01 11:28:06,19.0,2025-09-01,11,0
,LIQUIDACAO,ELO-PRD,success,2025-09-01 20:14:18,2025-09-01 20:14:32,14.0,2025-09-01,20,0
,LIQUIDACAO,ELO-PRD,success,2025-09-02 00:24:36,2025-09-02 00:24:50,14.0,2025-09-02,0,1
,LIQUIDACAO,ELO-PRD,success,2025-09-01 11:10:38,2025-09-01 11:10:52,14.0,2025-09-01,11,0
,LIQUIDACAO,ELO-PRD,success,2025-09-01 15:18:02,2025-09-01 15:18:25,23.0,2025-09-01,15,0
,LIQUIDACAO,ELO-PRD,success,2025-09-01 20:13:44,2025-09-01 20:14:19,35.0,2025-09-01,20,0
,LIQUIDACAO,ELO-PRD,success,2025-09-02 00:23:59,2025-09-02 00:24:37,38.0,2025-09-02,0,1
,LIQUIDACAO,ELO-PRD,success,2025-09-01 11:02:54,2025-09-01 11:03:31,37.0,2025-09-01,11,0
,LIQUIDACAO,ELO-PRD,success,2025-09-01 11:07:22,2025-09-01 11:10:39,197.0,2025-09-01,11,0
,LIQUIDACAO,ELO-PRD,failed,2025-09-01 17:50:00,2025-09-01 17:54:49,289.0,2025-09-01,17,0
,LIQUIDACAO,ELO-PRD,failed,2025-09-01 22:10:00,2025-09-01 22:14:20,260.0,2025-09-01,22,0
,LIQUIDACAO,ELO-PRD,failed,2025-09-01 18:40:00,2025-09-01 18:44:54,294.0,2025-09-01,18,0
,LIQUIDACAO,ELO-PRD,failed,2025-09-01 18:50:00,2025-09-01 18:53:56,236.0,2025-09-01,18,0
,LIQUIDACAO,ELO-PRD,failed,2025-09-01 19:50:00,2025-09-01 19:54:48,288.0,2025-09-01,19,0
,LIQUIDACAO,ELO-PRD,failed,2025-09-01 20:05:00,2025-09-01 20:09:38,278.0,2025-09-01,20,0
,LIQUIDACAO,ELO-PRD,failed,2025-09-01 18:45:00,2025-09-01 18:48:48,228.0,2025-09-01,18,0
,LIQUIDACAO,ELO-PRD,failed,2025-09-01 21:30:00,2025-09-01 21:33:50,230.0,2025-09-01,21,0
,LIQUIDACAO,ELO-PRD,failed,2025-09-01 18:55:00,2025-09-01 18:58:40,220.0,2025-09-01,18,0
,LIQUIDACAO,ELO-PRD,failed,2025-09-01 19:10:00,2025-09-01 19:14:48,288.0,2025-09-01,19,0
,LIQUIDACAO,ELO-PRD,failed,2025-09-01 20:00:00,2025-09-01 20:03:50,230.0,2025-09-01,20,0
,LIQUIDACAO,ELO-PRD,failed,2025-09-01 12:35:00,2025-09-01 12:38:40,220.0,2025-09-01,12,0
,LIQUIDACAO,ELO-PRD,failed,2025-09-01 22:05:00,2025-09-01 22:09:41,281.0,2025-09-01,22,0
,LIQUIDACAO,ELO-PRD,failed,2025-09-01 21:10:00,2025-09-01 21:13:44,224.0,2025-09-01,21,0
,LIQUIDACAO,ELO-PRD,failed,2025-09-01 19:45:00,2025-09-01 19:49:44,284.0,2025-09-01,19,0
,LIQUIDACAO,ELO-PRD,failed,2025-09-01 20:45:00,2025-09-01 20:48:43,223.0,2025-09-01,20,0
,LIQUIDACAO,ELO-PRD,failed,2025-09-01 21:40:01,2025-09-01 21:43:42,221.0,2025-09-01,21,0
,LIQUIDACAO,ELO-PRD,failed,2025-09-01 20:50:00,2025-09-01 20:53:45,225.0,2025-09-01,20,0
,LIQUIDACAO,ELO-PRD,failed,2025-09-01 19:55:00,2025-09-01 19:58:39,219.0,2025-09-01,19,0
,LIQUIDACAO,ELO-PRD,failed,2025-09-01 22:15:00,2025-09-01 22:18:41,221.0,2025-09-01,22,0
,LIQUIDACAO,ELO-PRD,failed,2025-09-01 19:40:00,2025-09-01 19:44:58,298.0,2025-09-01,19,0
,LIQUIDACAO,ELO-PRD,failed,2025-09-01 21:15:00,2025-09-01 21:18:39,219.0,2025-09-01,21,0
,LIQUIDACAO,ELO-PRD,failed,2025-09-01 22:00:00,2025-09-01 22:03:44,224.0,2025-09-01,22,0
,LIQUIDACAO,ELO-PRD,failed,2025-09-01 18:35:00,2025-09-01 18:38:37,217.0,2025-09-01,18,0
,LIQUIDACAO,ELO-PRD,failed,2025-09-01 22:55:00,2025-09-01 22:59:37,277.0,2025-09-01,22,0
,LIQUIDACAO,ELO-PRD,failed,2025-09-01 23:05:00,2025-09-01 23:08:44,224.0,2025-09-01,23,0
,LIQUIDACAO,ELO-PRD,failed,2025-09-01 22:30:01,2025-09-01 22:33:45,224.0,2025-09-01,22,0
,LIQUIDACAO,ELO-PRD,failed,2025-09-01 17:55:02,2025-09-01 17:58:42,220.0,2025-09-01,17,0
,LIQUIDACAO,ELO-PRD,failed,2025-09-01 23:00:00,2025-09-01 23:04:43,283.0,2025-09-01,23,0
,LIQUIDACAO,ELO-PRD,failed,2025-09-01 13:15:00,2025-09-01 13:19:46,286.0,2025-09-01,13,0
,LIQUIDACAO,ELO-PRD,failed,2025-09-01 23:40:00,2025-09-01 23:43:20,200.0,2025-09-01,23,0
,LIQUIDACAO,ELO-PRD,failed,2025-09-01 22:20:00,2025-09-01 22:24:44,284.0,2025-09-01,22,0
,LIQUIDACAO,ELO-PRD,failed,2025-09-01 18:25:00,2025-09-01 18:28:35,215.0,2025-09-01,18,0
,LIQUIDACAO,ELO-PRD,failed,2025-09-01 12:30:00,2025-09-01 12:33:47,227.0,2025-09-01,12,0
,LIQUIDACAO,ELO-PRD,failed,2025-09-01 21:00:00,2025-09-01 21:03:40,220.0,2025-09-01,21,0
,LIQUIDACAO,ELO-PRD,failed,2025-09-01 11:35:00,2025-09-01 11:39:37,277.0,2025-09-01,11,0
,LIQUIDACAO,ELO-PRD,failed,2025-09-01 16:40:00,2025-09-01 16:44:54,294.0,2025-09-01,16,0
,LIQUIDACAO,ELO-PRD,failed,2025-09-01 23:10:00,2025-09-01 23:13:49,229.0,2025-09-01,23,0
,LIQUIDACAO,ELO-PRD,failed,2025-09-01 14:25:00,2025-09-01 14:28:37,217.0,2025-09-01,14,0
,LIQUIDACAO,ELO-PRD,failed,2025-09-01 20:20:00,2025-09-01 20:23:50,230.0,2025-09-01,20,0
,LIQUIDACAO,ELO-PRD,failed,2025-09-01 19:35:00,2025-09-01 19:39:38,278.0,2025-09-01,19,0
,LIQUIDACAO,ELO-PRD,failed,2025-09-01 22:50:00,2025-09-01 22:53:48,228.0,2025-09-01,22,0
,LIQUIDACAO,ELO-PRD,failed,2025-09-01 17:35:00,2025-09-01 17:38:36,216.0,2025-09-01,17,0
,LIQUIDACAO,ELO-PRD,failed,2025-09-01 17:50:00,2025-09-01 17:53:50,230.0,2025-09-01,17,0
,LIQUIDACAO,ELO-PRD,failed,2025-09-01 16:00:00,2025-09-01 16:03:50,230.0,2025-09-01,16,0
,LIQUIDACAO,ELO-PRD,failed,2025-09-01 17:10:00,2025-09-01 17:13:19,199.0,2025-09-01,17,0
,LIQUIDACAO,ELO-PRD,failed,2025-09-01 23:35:00,2025-09-01 23:38:37,217.0,2025-09-01,23,0
,LIQUIDACAO,ELO-PRD,failed,2025-09-02 00:10:00,2025-09-02 00:13:31,211.0,2025-09-02,0,1
,LIQUIDACAO,ELO-PRD,failed,2025-09-01 18:15:00,2025-09-01 18:18:33,213.0,2025-09-01,18,0
,LIQUIDACAO,ELO-PRD,failed,2025-09-01 20:30:00,2025-09-01 20:33:46,226.0,2025-09-01,20,0
,LIQUIDACAO,ELO-PRD,failed,2025-09-01 13:50:01,2025-09-01 13:53:45,224.0,2025-09-01,13,0
,LIQUIDACAO,ELO-PRD,failed,2025-09-01 19:30:00,2025-09-01 19:34:50,290.0,2025-09-01,19,0
,LIQUIDACAO,ELO-PRD,failed,2025-09-02 02:40:00,2025-09-02 02:44:32,272.0,2025-09-02,2,1
,LIQUIDACAO,ELO-PRD,failed,2025-09-01 16:05:00,2025-09-01 16:08:42,222.0,2025-09-01,16,0
,LIQUIDACAO,ELO-PRD,failed,2025-09-01 23:25:00,2025-09-01 23:28:34,214.0,2025-09-01,23,0
,LIQUIDACAO,ELO-PRD,failed,2025-09-01 12:00:00,2025-09-01 12:04:50,290.0,2025-09-01,12,0
,LIQUIDACAO,ELO-PRD,failed,2025-09-02 02:05:00,2025-09-02 02:08:14,194.0,2025-09-02,2,1
,LIQUIDACAO,ELO-PRD,failed,2025-09-01 22:45:00,2025-09-01 22:49:41,281.0,2025-09-01,22,0
,LIQUIDACAO,ELO-PRD,failed,2025-09-01 17:40:00,2025-09-01 17:43:50,230.0,2025-09-01,17,0
,LIQUIDACAO,ELO-PRD,failed,2025-09-01 12:50:00,2025-09-01 12:54:46,286.0,2025-09-01,12,0
,LIQUIDACAO,ELO-PRD,failed,2025-09-01 18:20:00,2025-09-01 18:24:14,254.0,2025-09-01,18,0
,LIQUIDACAO,ELO-PRD,failed,2025-09-01 14:45:00,2025-09-01 14:48:42,222.0,2025-09-01,14,0
,LIQUIDACAO,ELO-PRD,failed,2025-09-01 23:30:00,2025-09-01 23:34:48,288.0,2025-09-01,23,0
,LIQUIDACAO,ELO-PRD,failed,2025-09-01 18:30:00,2025-09-01 18:34:50,290.0,2025-09-01,18,0
,LIQUIDACAO,ELO-PRD,failed,2025-09-01 14:40:00,2025-09-01 14:43:53,233.0,2025-09-01,14,0
,LIQUIDACAO,ELO-PRD,failed,2025-09-01 14:30:00,2025-09-01 14:33:52,232.0,2025-09-01,14,0
,LIQUIDACAO,ELO-PRD,failed,2025-09-01 23:50:00,2025-09-01 23:54:48,288.0,2025-09-01,23,0
,LIQUIDACAO,ELO-PRD,failed,2025-09-01 15:05:00,2025-09-01 15:08:39,219.0,2025-09-01,15,0
,LIQUIDACAO,ELO-PRD,failed,2025-09-02 01:15:00,2025-09-02 01:19:32,272.0,2025-09-02,1,1
,LIQUIDACAO,ELO-PRD,failed,2025-09-01 12:15:00,2025-09-01 12:18:41,221.0,2025-09-01,12,0
,LIQUIDACAO,ELO-PRD,failed,2025-09-01 12:10:00,2025-09-01 12:13:50,230.0,2025-09-01,12,0
,LIQUIDACAO,ELO-PRD,failed,2025-09-01 15:45:00,2025-09-01 15:49:48,288.0,2025-09-01,15,0
,LIQUIDACAO,ELO-PRD,failed,2025-09-01 14:15:00,2025-09-01 14:19:42,282.0,2025-09-01,14,0
,LIQUIDACAO,ELO-PRD,failed,2025-09-02 02:35:00,2025-09-02 02:38:29,209.0,2025-09-02,2,1
,LIQUIDACAO,ELO-PRD,failed,2025-09-02 01:45:00,2025-09-02 01:48:28,208.0,2025-09-02,1,1
,LIQUIDACAO,ELO-PRD,failed,2025-09-02 02:50:00,2025-09-02 02:53:38,218.0,2025-09-02,2,1
,LIQUIDACAO,ELO-PRD,failed,2025-09-01 23:15:00,2025-09-01 23:19:51,291.0,2025-09-01,23,0
,LIQUIDACAO,ELO-PRD,failed,2025-09-02 00:45:00,2025-09-02 00:48:29,209.0,2025-09-02,0,1
,LIQUIDACAO,ELO-PRD,failed,2025-09-02 00:30:00,2025-09-02 00:33:35,215.0,2025-09-02,0,1
,LIQUIDACAO,ELO-PRD,failed,2025-09-02 00:00:00,2025-09-02 00:04:33,273.0,2025-09-02,0,1
,LIQUIDACAO,ELO-PRD,failed,2025-09-02 01:50:00,2025-09-02 01:53:32,212.0,2025-09-02,1,1
,LIQUIDACAO,ELO-PRD,failed,2025-09-02 01:40:00,2025-09-02 01:43:31,211.0,2025-09-02,1,1
,LIQUIDACAO,ELO-PRD,failed,2025-09-01 21:05:00,2025-09-01 21:09:38,278.0,2025-09-01,21,0
,LIQUIDACAO,ELO-PRD,failed,2025-09-02 02:00:00,2025-09-02 02:03:31,211.0,2025-09-02,2,1
,LIQUIDACAO,ELO-PRD,failed,2025-09-02 00:50:00,2025-09-02 00:53:32,212.0,2025-09-02,0,1
,LIQUIDACAO,ELO-PRD,failed,2025-09-02 02:10:00,2025-09-02 02:13:16,196.0,2025-09-02,2,1
,LIQUIDACAO,ELO-PRD,failed,2025-09-01 20:40:00,2025-09-01 20:43:43,223.0,2025-09-01,20,0
,LIQUIDACAO,ELO-PRD,failed,2025-09-01 23:55:00,2025-09-01 23:58:37,217.0,2025-09-01,23,0
,LIQUIDACAO,ELO-PRD,failed,2025-09-02 02:20:00,2025-09-02 02:24:30,270.0,2025-09-02,2,1
,LIQUIDACAO,ELO-PRD,failed,2025-09-01 22:35:00,2025-09-01 22:39:36,276.0,2025-09-01,22,0
,LIQUIDACAO,ELO-PRD,failed,2025-09-02 01:30:00,2025-09-02 01:34:36,276.0,2025-09-02,1,1
,LIQUIDACAO,ELO-PRD,failed,2025-09-02 02:30:00,2025-09-02 02:34:37,277.0,2025-09-02,2,1
,LIQUIDACAO,ELO-PRD,failed,2025-09-01 13:00:00,2025-09-01 13:04:49,289.0,2025-09-01,13,0
,LIQUIDACAO,ELO-PRD,failed,2025-09-01 17:10:00,2025-09-01 17:13:45,225.0,2025-09-01,17,0
,LIQUIDACAO,ELO-PRD,failed,2025-09-01 20:55:00,2025-09-01 20:58:33,213.0,2025-09-01,20,0
,LIQUIDACAO,ELO-PRD,failed,2025-09-01 16:00:00,2025-09-01 16:03:48,228.0,2025-09-01,16,0
,LIQUIDACAO,ELO-PRD,failed,2025-09-01 16:25:00,2025-09-01 16:28:37,217.0,2025-09-01,16,0
,LIQUIDACAO,ELO-PRD,failed,2025-09-01 13:55:01,2025-09-01 13:59:38,277.0,2025-09-01,13,0
,LIQUIDACAO,ELO-PRD,failed,2025-09-01 14:10:00,2025-09-01 14:13:48,228.0,2025-09-01,14,0
,LIQUIDACAO,ELO-PRD,failed,2025-09-01 11:50:00,2025-09-01 11:54:46,286.0,2025-09-01,11,0
,LIQUIDACAO,ELO-PRD,failed,2025-09-01 14:05:00,2025-09-01 14:09:40,280.0,2025-09-01,14,0
,LIQUIDACAO,ELO-PRD,failed,2025-09-01 16:10:00,2025-09-01 16:13:55,235.0,2025-09-01,16,0
,LIQUIDACAO,ELO-PRD,failed,2025-09-01 16:35:00,2025-09-01 16:38:34,214.0,2025-09-01,16,0
,LIQUIDACAO,ELO-PRD,failed,2025-09-02 00:35:00,2025-09-02 00:39:26,266.0,2025-09-02,0,1
,LIQUIDACAO,ELO-PRD,failed,2025-09-01 19:00:00,2025-09-01 19:03:46,226.0,2025-09-01,19,0
,LIQUIDACAO,ELO-PRD,failed,2025-09-01 21:45:00,2025-09-01 21:48:21,201.0,2025-09-01,21,0
,LIQUIDACAO,ELO-PRD,success,2025-09-01 11:10:38,2025-09-01 11:27:05,987.0,2025-09-01,11,0
,LIQUIDACAO,ELO-PRD,success,2025-09-01 11:03:31,2025-09-01 11:04:14,43.0,2025-09-01,11,0
,LIQUIDACAO,ELO-PRD,success,2025-09-01 20:14:47,2025-09-01 20:15:26,39.0,2025-09-01,20,0
,LIQUIDACAO,ELO-PRD,success,2025-09-01 15:32:56,2025-09-01 15:33:18,22.0,2025-09-01,15,0
,LIQUIDACAO,ELO-PRD,failed,2025-09-01 21:25:00,2025-09-01 21:29:40,280.0,2025-09-01,21,0
,LIQUIDACAO,ELO-PRD,failed,2025-09-02 01:00:00,2025-09-02 01:03:30,210.0,2025-09-02,1,1
,LIQUIDACAO,ELO-PRD,failed,2025-09-01 12:20:00,2025-09-01 12:24:48,288.0,2025-09-01,12,0
,LIQUIDACAO,ELO-PRD,failed,2025-09-01 12:45:00,2025-09-01 12:48:49,229.0,2025-09-01,12,0
,LIQUIDACAO,ELO-PRD,failed,2025-09-01 19:15:00,2025-09-01 19:19:40,280.0,2025-09-01,19,0
,LIQUIDACAO,ELO-PRD,failed,2025-09-02 02:55:00,2025-09-02 02:58:37,217.0,2025-09-02,2,1
,LIQUIDACAO,ELO-PRD,failed,2025-09-01 21:55:00,2025-09-01 21:58:38,218.0,2025-09-01,21,0
,LIQUIDACAO,ELO-PRD,failed,2025-09-01 21:35:00,2025-09-01 21:38:37,217.0,2025-09-01,21,0
,LIQUIDACAO,ELO-PRD,failed,2025-09-01 21:50:00,2025-09-01 21:54:47,287.0,2025-09-01,21,0
,LIQUIDACAO,ELO-PRD,failed,2025-09-01 19:20:00,2025-09-01 19:24:51,291.0,2025-09-01,19,0
,LIQUIDACAO,ELO-PRD,failed,2025-09-01 23:20:00,2025-09-01 23:23:46,226.0,2025-09-01,23,0
,LIQUIDACAO,ELO-PRD,success,2025-09-01 11:00:00,2025-09-01 11:01:49,109.0,2025-09-01,11,0
,LIQUIDACAO,ELO-PRD,failed,2025-09-01 15:00:00,2025-09-01 15:04:48,288.0,2025-09-01,15,0
,LIQUIDACAO,ELO-PRD,failed,2025-09-01 17:35:00,2025-09-01 17:39:36,276.0,2025-09-01,17,0
,LIQUIDACAO,ELO-PRD,failed,2025-09-02 02:25:00,2025-09-02 02:28:26,206.0,2025-09-02,2,1
,LIQUIDACAO,ELO-PRD,failed,2025-09-01 16:55:00,2025-09-01 16:59:44,284.0,2025-09-01,16,0
,LIQUIDACAO,ELO-PRD,failed,2025-09-02 02:15:00,2025-09-02 02:19:29,269.0,2025-09-02,2,1
,LIQUIDACAO,ELO-PRD,failed,2025-09-02 02:45:00,2025-09-02 02:49:29,269.0,2025-09-02,2,1
,LIQUIDACAO,ELO-PRD,failed,2025-09-01 22:25:00,2025-09-01 22:28:39,219.0,2025-09-01,22,0
,LIQUIDACAO,ELO-PRD,failed,2025-09-01 20:35:00,2025-09-01 20:38:40,220.0,2025-09-01,20,0
,LIQUIDACAO,ELO-PRD,failed,2025-09-01 12:05:00,2025-09-01 12:08:42,222.0,2025-09-01,12,0
,LIQUIDACAO,ELO-PRD,failed,2025-09-01 13:25:00,2025-09-01 13:29:36,276.0,2025-09-01,13,0
,LIQUIDACAO,ELO-PRD,failed,2025-09-01 15:50:00,2025-09-01 15:54:57,297.0,2025-09-01,15,0
,LIQUIDACAO,ELO-PRD,failed,2025-09-01 13:45:01,2025-09-01 13:48:40,219.0,2025-09-01,13,0
,LIQUIDACAO,ELO-PRD,failed,2025-09-01 13:05:00,2025-09-01 13:08:38,218.0,2025-09-01,13,0
,LIQUIDACAO,ELO-PRD,failed,2025-09-01 17:05:00,2025-09-01 17:08:42,222.0,2025-09-01,17,0
,LIQUIDACAO,ELO-PRD,failed,2025-09-01 13:10:00,2025-09-01 13:14:44,284.0,2025-09-01,13,0
,LIQUIDACAO,ELO-PRD,failed,2025-09-01 16:50:00,2025-09-01 16:54:49,289.0,2025-09-01,16,0
,LIQUIDACAO,ELO-PRD,failed,2025-09-01 12:40:00,2025-09-01 12:44:48,288.0,2025-09-01,12,0
,LIQUIDACAO,ELO-PRD,failed,2025-09-01 16:30:00,2025-09-01 16:33:59,239.0,2025-09-01,16,0
,LIQUIDACAO,ELO-PRD,failed,2025-09-01 11:55:00,2025-09-01 11:59:40,280.0,2025-09-01,11,0
,LIQUIDACAO,ELO-PRD,failed,2025-09-01 14:50:00,2025-09-01 14:54:53,293.0,2025-09-01,14,0
,LIQUIDACAO,ELO-PRD,failed,2025-09-01 17:00:00,2025-09-01 17:04:54,294.0,2025-09-01,17,0
,LIQUIDACAO,ELO-PRD,failed,2025-09-01 17:20:00,2025-09-01 17:23:46,226.0,2025-09-01,17,0
,LIQUIDACAO,ELO-PRD,failed,2025-09-01 11:40:00,2025-09-01 11:43:50,230.0,2025-09-01,11,0
,LIQUIDACAO,ELO-PRD,failed,2025-09-01 15:40:00,2025-09-01 15:43:52,232.0,2025-09-01,15,0
,LIQUIDACAO,ELO-PRD,failed,2025-09-01 12:25:00,2025-09-01 12:29:40,280.0,2025-09-01,12,0
,LIQUIDACAO,ELO-PRD,failed,2025-09-01 14:20:00,2025-09-01 14:23:48,228.0,2025-09-01,14,0
,LIQUIDACAO,ELO-PRD,failed,2025-09-01 14:55:00,2025-09-01 14:58:39,219.0,2025-09-01,14,0
,LIQUIDACAO,ELO-PRD,failed,2025-09-01 15:35:00,2025-09-01 15:38:38,218.0,2025-09-01,15,0
,LIQUIDACAO,ELO-PRD,failed,2025-09-01 11:45:00,2025-09-01 11:49:46,286.0,2025-09-01,11,0
,LIQUIDACAO,ELO-PRD,failed,2025-09-01 12:55:00,2025-09-01 12:59:42,282.0,2025-09-01,12,0
,LIQUIDACAO,ELO-PRD,failed,2025-09-01 15:55:00,2025-09-01 15:59:39,279.0,2025-09-01,15,0
,LIQUIDACAO,ELO-PRD,failed,2025-09-01 14:35:00,2025-09-01 14:38:36,216.0,2025-09-01,14,0
,LIQUIDACAO,ELO-PRD,failed,2025-09-01 11:30:00,2025-09-01 11:33:52,232.0,2025-09-01,11,0
,LIQUIDACAO,ELO-PRD,failed,2025-09-01 17:30:00,2025-09-01 17:33:15,195.0,2025-09-01,17,0
,LIQUIDACAO,ELO-PRD,failed,2025-09-01 14:00:00,2025-09-01 14:03:49,229.0,2025-09-01,14,0
,LIQUIDACAO,ELO-PRD,failed,2025-09-01 16:45:00,2025-09-01 16:49:48,288.0,2025-09-01,16,0
,LIQUIDACAO,ELO-PRD,failed,2025-09-01 17:25:00,2025-09-01 17:28:20,200.0,2025-09-01,17,0
,LIQUIDACAO,ELO-PRD,failed,2025-09-01 17:45:00,2025-09-01 17:49:50,290.0,2025-09-01,17,0
,LIQUIDACAO,ELO-PRD,failed,2025-09-01 13:20:00,2025-09-01 13:24:51,291.0,2025-09-01,13,0
,LIQUIDACAO,ELO-PRD,failed,2025-09-01 16:20:00,2025-09-01 16:24:54,294.0,2025-09-01,16,0
,LIQUIDACAO,ELO-PRD,success,2025-09-01 18:40:07,2025-09-01 18:40:59,52.0,2025-09-01,18,0
,LIQUIDACAO,ELO-PRD,success,2025-09-01 18:41:29,2025-09-01 18:41:43,14.0,2025-09-01,18,0
,LIQUIDACAO,ELO-PRD,success,2025-09-01 15:25:33,2025-09-01 15:26:17,44.0,2025-09-01,15,0
,LIQUIDACAO,ELO-PRD,success,2025-09-01 23:48:28,2025-09-01 23:48:56,28.0,2025-09-01,23,0
,LIQUIDACAO,ELO-PRD,success,2025-09-02 01:13:21,2025-09-02 01:13:38,17.0,2025-09-02,1,1
,LIQUIDACAO,ELO-PRD,success,2025-09-01 15:08:15,2025-09-01 15:08:37,22.0,2025-09-01,15,0
,LIQUIDACAO,ELO-PRD,failed,2025-09-01 22:05:00,2025-09-01 22:08:39,219.0,2025-09-01,22,0
,LIQUIDACAO,ELO-PRD,failed,2025-09-01 21:35:00,2025-09-01 21:38:38,218.0,2025-09-01,21,0
,LIQUIDACAO,ELO-PRD,failed,2025-09-01 16:15:00,2025-09-01 16:19:44,284.0,2025-09-01,16,0
,LIQUIDACAO,ELO-PRD,failed,2025-09-01 22:40:00,2025-09-01 22:44:41,281.0,2025-09-01,22,0
,LIQUIDACAO,ELO-PRD,failed,2025-09-01 23:45:00,2025-09-01 23:49:40,280.0,2025-09-01,23,0
,LIQUIDACAO,ELO-PRD,failed,2025-09-01 19:05:00,2025-09-01 19:09:40,280.0,2025-09-01,19,0
,LIQUIDACAO,ELO-PRD,failed,2025-09-01 22:40:00,2025-09-01 22:44:46,286.0,2025-09-01,22,0
,LIQUIDACAO,ELO-PRD,success,2025-09-01 18:25:00,2025-09-01 18:27:14,134.0,2025-09-01,18,0
,LIQUIDACAO,ELO-PRD,failed,2025-09-02 02:30:00,2025-09-02 02:33:37,217.0,2025-09-02,2,1
,LIQUIDACAO,ELO-PRD,failed,2025-09-01 13:15:00,2025-09-01 13:18:47,227.0,2025-09-01,13,0
,LIQUIDACAO,ELO-PRD,failed,2025-09-01 14:45:00,2025-09-01 14:48:42,222.0,2025-09-01,14,0
,LIQUIDACAO,ELO-PRD,failed,2025-09-02 02:20:00,2025-09-02 02:23:25,205.0,2025-09-02,2,1
,LIQUIDACAO,ELO-PRD,failed,2025-09-02 02:10:00,2025-09-02 02:13:30,210.0,2025-09-02,2,1
,LIQUIDACAO,ELO-PRD,failed,2025-09-02 00:15:00,2025-09-02 00:19:13,253.0,2025-09-02,0,1
,LIQUIDACAO,ELO-PRD,failed,2025-09-02 00:30:00,2025-09-02 00:33:35,215.0,2025-09-02,0,1
,LIQUIDACAO,ELO-PRD,success,2025-09-02 01:10:00,2025-09-02 01:11:19,79.0,2025-09-02,1,1
,LIQUIDACAO,ELO-PRD,failed,2025-09-02 01:15:00,2025-09-02 01:18:32,212.0,2025-09-02,1,1
,LIQUIDACAO,ELO-PRD,failed,2025-09-01 22:25:00,2025-09-01 22:28:37,217.0,2025-09-01,22,0
,LIQUIDACAO,ELO-PRD,failed,2025-09-01 19:55:00,2025-09-01 19:58:39,219.0,2025-09-01,19,0
,LIQUIDACAO,ELO-PRD,failed,2025-09-01 19:50:00,2025-09-01 19:53:53,233.0,2025-09-01,19,0
,LIQUIDACAO,ELO-PRD,failed,2025-09-02 00:55:00,2025-09-02 00:59:26,266.0,2025-09-02,0,1
,LIQUIDACAO,ELO-PRD,failed,2025-09-02 02:25:00,2025-09-02 02:29:26,266.0,2025-09-02,2,1
,LIQUIDACAO,ELO-PRD,failed,2025-09-02 00:25:00,2025-09-02 00:29:27,267.0,2025-09-02,0,1
,LIQUIDACAO,ELO-PRD,failed,2025-09-01 15:55:00,2025-09-01 15:58:36,216.0,2025-09-01,15,0
,LIQUIDACAO,ELO-PRD,success,2025-09-01 14:55:00,2025-09-01 14:57:25,145.0,2025-09-01,14,0
,LIQUIDACAO,ELO-PRD,failed,2025-09-01 17:15:00,2025-09-01 17:18:49,229.0,2025-09-01,17,0
,LIQUIDACAO,ELO-PRD,failed,2025-09-01 17:15:00,2025-09-01 17:18:49,229.0,2025-09-01,17,0
,LIQUIDACAO,ELO-PRD,failed,2025-09-01 16:25:00,2025-09-01 16:28:42,222.0,2025-09-01,16,0
,LIQUIDACAO,ELO-PRD,success,2025-09-02 01:08:31,2025-09-02 01:08:47,16.0,2025-09-02,1,1
,LIQUIDACAO,ELO-PRD,success,2025-09-01 14:31:56,2025-09-01 14:32:25,29.0,2025-09-01,14,0
,LIQUIDACAO,ELO-PRD,success,2025-09-02 01:01:45,2025-09-02 01:02:12,27.0,2025-09-02,1,1
,LIQUIDACAO,ELO-PRD,success,2025-09-01 18:29:23,2025-09-01 18:29:47,24.0,2025-09-01,18,0
,LIQUIDACAO,ELO-PRD,success,2025-09-01 18:27:12,2025-09-01 18:27:56,44.0,2025-09-01,18,0
,LIQUIDACAO,ELO-PRD,success,2025-09-01 20:57:25,2025-09-01 20:57:48,23.0,2025-09-01,20,0
,LIQUIDACAO,ELO-PRD,success,2025-09-02 01:27:45,2025-09-02 01:28:21,36.0,2025-09-02,1,1
,LIQUIDACAO,ELO-PRD,failed,2025-09-02 01:25:00,2025-09-02 01:29:26,266.0,2025-09-02,1,1
,LIQUIDACAO,ELO-PRD,success,2025-09-01 23:07:48,2025-09-01 23:08:26,38.0,2025-09-01,23,0
,LIQUIDACAO,ELO-PRD,success,2025-09-01 13:38:36,2025-09-01 13:39:03,27.0,2025-09-01,13,0
,LIQUIDACAO,ELO-PRD,success,2025-09-01 19:08:41,2025-09-01 19:18:34,593.0,2025-09-01,19,0
,LIQUIDACAO,ELO-PRD,success,2025-09-02 00:24:36,2025-09-02 00:24:50,14.0,2025-09-02,0,1
,LIQUIDACAO,ELO-PRD,success,2025-09-02 00:25:18,2025-09-02 00:25:31,13.0,2025-09-02,0,1
,LIQUIDACAO,ELO-PRD,success,2025-09-01 11:10:38,2025-09-01 11:10:54,16.0,2025-09-01,11,0
,LIQUIDACAO,ELO-PRD,success,2025-09-01 15:18:01,2025-09-01 15:32:57,896.0,2025-09-01,15,0
,LIQUIDACAO,ELO-PRD,success,2025-09-02 00:24:54,2025-09-02 00:25:18,24.0,2025-09-02,0,1
,LIQUIDACAO,ELO-PRD,success,2025-09-01 11:27:02,2025-09-01 11:27:48,46.0,2025-09-01,11,0
,LIQUIDACAO,ELO-PRD,success,2025-09-01 11:02:27,2025-09-01 11:02:54,27.0,2025-09-01,11,0
,LIQUIDACAO,ELO-PRD,success,2025-09-01 11:01:46,2025-09-01 11:02:28,42.0,2025-09-01,11,0
,LIQUIDACAO,ELO-PRD,success,2025-09-01 11:06:19,2025-09-01 11:06:50,31.0,2025-09-01,11,0
,LIQUIDACAO,ELO-PRD,success,2025-09-01 11:05:00,2025-09-01 11:06:23,83.0,2025-09-01,11,0
,LIQUIDACAO,ELO-PRD,success,2025-09-01 15:13:24,2025-09-01 15:13:50,26.0,2025-09-01,15,0
,LIQUIDACAO,ELO-PRD,success,2025-09-01 20:15:26,2025-09-01 20:15:39,13.0,2025-09-01,20,0
,LIQUIDACAO,ELO-PRD,success,2025-09-01 11:03:31,2025-09-01 11:03:45,14.0,2025-09-01,11,0
,LIQUIDACAO,ELO-PRD,success,2025-09-01 15:15:48,2025-09-01 15:18:04,136.0,2025-09-01,15,0
,LIQUIDACAO,ELO-PRD,success,2025-09-01 20:10:00,2025-09-01 20:12:49,169.0,2025-09-01,20,0
,LIQUIDACAO,ELO-PRD,failed,2025-09-02 01:05:00,2025-09-02 01:08:28,208.0,2025-09-02,1,1
,LIQUIDACAO,ELO-PRD,failed,2025-09-01 19:25:00,2025-09-01 19:28:38,218.0,2025-09-01,19,0
,LIQUIDACAO,ELO-PRD,failed,2025-09-02 00:15:00,2025-09-02 00:18:29,209.0,2025-09-02,0,1
,LIQUIDACAO,ELO-PRD,failed,2025-09-02 00:40:00,2025-09-02 00:43:31,211.0,2025-09-02,0,1
,LIQUIDACAO,ELO-PRD,failed,2025-09-02 01:35:00,2025-09-02 01:39:27,267.0,2025-09-02,1,1
,LIQUIDACAO,ELO-PRD,failed,2025-09-02 01:20:00,2025-09-02 01:24:33,273.0,2025-09-02,1,1
,LIQUIDACAO,ELO-PRD,failed,2025-09-02 00:55:00,2025-09-02 00:59:26,266.0,2025-09-02,0,1
,LIQUIDACAO,ELO-PRD,failed,2025-09-02 01:55:00,2025-09-02 01:58:25,205.0,2025-09-02,1,1
,LIQUIDACAO,ELO-PRD,success,2025-09-02 00:20:00,2025-09-02 00:23:28,208.0,2025-09-02,0,1
,LIQUIDACAO,ELO-PRD,success,2025-09-01 15:10:00,2025-09-01 15:13:27,207.0,2025-09-01,15,0
,LIQUIDACAO,ELO-PRD,failed,2025-09-01 13:40:00,2025-09-01 13:43:52,232.0,2025-09-01,13,0
,LIQUIDACAO,ELO-PRD,failed,2025-09-01 13:30:00,2025-09-01 13:35:07,307.0,2025-09-01,13,0
,LIQUIDACAO,ELO-PRD,failed,2025-09-01 20:25:00,2025-09-01 20:28:35,215.0,2025-09-01,20,0
,LIQUIDACAO,ELO-PRD,failed,2025-09-02 01:10:00,2025-09-02 01:14:29,269.0,2025-09-02,1,1
,LIQUIDACAO,ELO-PRD,failed,2025-09-02 00:05:00,2025-09-02 00:09:29,269.0,2025-09-02,0,1
,LIQUIDACAO,ELO-PRD,failed,2025-09-01 21:20:00,2025-09-01 21:23:41,221.0,2025-09-01,21,0
